2026-06-21 16:26:07 - producer_sms - INFO - 🔍 Testing Oracle Database Connection...
2026-06-21 16:26:07 - producer_sms - INFO - ✅ Oracle Connection Successful! Server Time: 2026-06-21 16:26:07
2026-06-21 16:26:07 - producer_sms - INFO - Creating Oracle Connection Pool...
2026-06-21 16:26:07 - producer_sms - INFO - 🚀 SMS Producer Started - Polling Oracle Database...
2026-06-21 16:26:07 - producer_sms - DEBUG - No pending messages found
2026-06-21 16:26:08 - producer_sms - DEBUG - No pending messages found
2026-06-21 16:26:09 - producer_sms - DEBUG - No pending messages found
2026-06-21 16:26:10 - producer_sms - DEBUG - No pending messages found
2026-06-21 16:26:11 - producer_sms - DEBUG - No pending messages found
2026-06-21 16:26:12 - producer_sms - DEBUG - No pending messages found
2026-06-21 16:26:13 - producer_sms - DEBUG - No pending messages found
2026-06-21 16:26:14 - producer_sms - DEBUG - No pending messages found
2026-06-21 16:26:15 - producer_sms - DEBUG - No pending messages found
2026-06-21 16:26:16 - producer_sms - DEBUG - No pending messages found
2026-06-21 16:26:17 - producer_sms - DEBUG - No pending messages found
2026-06-21 16:26:18 - producer_sms - DEBUG - No pending messages found
2026-06-21 16:26:19 - producer_sms - DEBUG - No pending messages found
2026-06-21 16:26:20 - producer_sms - DEBUG - No pending messages found
2026-06-21 16:26:21 - producer_sms - DEBUG - No pending messages found
2026-06-21 16:26:22 - producer_sms - DEBUG - No pending messages found
2026-06-21 16:26:23 - producer_sms - DEBUG - No pending messages found
2026-06-21 16:26:24 - producer_sms - DEBUG - No pending messages found
2026-06-21 16:26:25 - producer_sms - DEBUG - No pending messages found
2026-06-21 16:26:26 - producer_sms - DEBUG - No pending messages found
2026-06-21 16:26:27 - producer_sms - DEBUG - No pending messages found
2026-06-21 16:26:28 - producer_sms - DEBUG - No pending messages found
2026-06-21 16:26:29 - producer_sms - DEBUG - No pending messages found
2026-06-21 16:26:30 - producer_sms - DEBUG - No pending messages found
2026-06-21 16:26:31 - producer_sms - DEBUG - No pending messages found
2026-06-21 16:26:32 - producer_sms - DEBUG - No pending messages found
2026-06-21 16:26:33 - producer_sms - DEBUG - No pending messages found
2026-06-21 16:26:34 - producer_sms - DEBUG - No pending messages found
2026-06-21 16:26:35 - producer_sms - DEBUG - No pending messages found
2026-06-21 16:26:36 - producer_sms - DEBUG - No pending messages found
2026-06-21 16:26:37 - producer_sms - DEBUG - No pending messages found
2026-06-21 16:26:38 - producer_sms - DEBUG - No pending messages found
2026-06-21 16:26:39 - producer_sms - DEBUG - No pending messages found
2026-06-21 16:26:40 - producer_sms - DEBUG - No pending messages found
2026-06-21 16:26:41 - producer_sms - DEBUG - No pending messages found
2026-06-21 16:26:42 - producer_sms - DEBUG - No pending messages found
2026-06-21 16:26:43 - producer_sms - DEBUG - No pending messages found
2026-06-21 16:26:44 - producer_sms - DEBUG - No pending messages found
2026-06-21 16:26:45 - producer_sms - DEBUG - No pending messages found
2026-06-21 16:26:46 - producer_sms - DEBUG - No pending messages found
2026-06-21 16:26:47 - producer_sms - DEBUG - No pending messages found
2026-06-21 16:26:48 - producer_sms - DEBUG - No pending messages found
2026-06-21 16:26:49 - producer_sms - DEBUG - No pending messages found
2026-06-21 16:26:50 - producer_sms - DEBUG - No pending messages found
2026-06-21 16:26:51 - producer_sms - DEBUG - No pending messages found
2026-06-21 16:26:52 - producer_sms - DEBUG - No pending messages found
2026-06-21 16:26:53 - producer_sms - DEBUG - No pending messages found
2026-06-21 16:26:54 - producer_sms - DEBUG - No pending messages found
2026-06-21 16:26:55 - producer_sms - DEBUG - No pending messages found
2026-06-21 16:26:56 - producer_sms - DEBUG - No pending messages found
2026-06-21 16:26:57 - producer_sms - DEBUG - No pending messages found
2026-06-21 16:26:58 - producer_sms - DEBUG - No pending messages found
2026-06-21 16:26:59 - producer_sms - DEBUG - No pending messages found
2026-06-21 16:27:00 - producer_sms - DEBUG - No pending messages found
2026-06-21 16:27:01 - producer_sms - DEBUG - No pending messages found
2026-06-21 16:27:02 - producer_sms - DEBUG - No pending messages found
2026-06-21 16:27:03 - producer_sms - DEBUG - No pending messages found
2026-06-21 16:27:04 - producer_sms - DEBUG - No pending messages found
2026-06-21 16:27:05 - producer_sms - DEBUG - No pending messages found
2026-06-21 16:27:06 - producer_sms - DEBUG - No pending messages found
2026-06-21 16:27:07 - producer_sms - DEBUG - No pending messages found
2026-06-21 16:27:08 - producer_sms - DEBUG - No pending messages found
2026-06-21 16:27:09 - producer_sms - DEBUG - No pending messages found
2026-06-21 16:27:10 - producer_sms - DEBUG - No pending messages found
2026-06-21 16:27:11 - producer_sms - DEBUG - No pending messages found
2026-06-21 16:27:12 - producer_sms - DEBUG - No pending messages found
2026-06-21 16:27:13 - producer_sms - DEBUG - No pending messages found
2026-06-21 16:27:14 - producer_sms - DEBUG - No pending messages found
2026-06-21 16:27:15 - producer_sms - DEBUG - No pending messages found
2026-06-21 16:27:16 - producer_sms - DEBUG - No pending messages found
2026-06-21 16:27:17 - producer_sms - DEBUG - No pending messages found
2026-06-21 16:27:18 - producer_sms - DEBUG - No pending messages found
2026-06-21 16:27:19 - producer_sms - DEBUG - No pending messages found
2026-06-21 16:27:20 - producer_sms - DEBUG - No pending messages found
2026-06-21 16:27:21 - producer_sms - DEBUG - No pending messages found
2026-06-21 16:27:22 - producer_sms - DEBUG - No pending messages found
2026-06-21 16:27:23 - producer_sms - DEBUG - No pending messages found
2026-06-21 16:27:24 - producer_sms - DEBUG - No pending messages found
2026-06-21 16:27:25 - producer_sms - DEBUG - No pending messages found
2026-06-21 16:27:26 - producer_sms - DEBUG - No pending messages found
2026-06-21 16:27:27 - producer_sms - DEBUG - No pending messages found
2026-06-21 16:27:28 - producer_sms - DEBUG - No pending messages found
2026-06-21 16:27:29 - producer_sms - DEBUG - No pending messages found
2026-06-21 16:27:30 - producer_sms - DEBUG - No pending messages found
2026-06-21 16:27:31 - producer_sms - DEBUG - No pending messages found
2026-06-21 16:27:32 - producer_sms - DEBUG - No pending messages found
2026-06-21 16:27:33 - producer_sms - DEBUG - No pending messages found
2026-06-21 16:27:34 - producer_sms - DEBUG - No pending messages found
2026-06-21 16:27:35 - producer_sms - DEBUG - No pending messages found
2026-06-21 16:27:36 - producer_sms - DEBUG - No pending messages found
2026-06-21 16:27:37 - producer_sms - DEBUG - No pending messages found
2026-06-21 16:27:38 - producer_sms - DEBUG - No pending messages found
2026-06-21 16:27:39 - producer_sms - DEBUG - No pending messages found
2026-06-21 16:27:40 - producer_sms - DEBUG - No pending messages found
2026-06-21 16:27:41 - producer_sms - DEBUG - No pending messages found
2026-06-21 16:27:42 - producer_sms - DEBUG - No pending messages found
2026-06-21 16:27:43 - producer_sms - DEBUG - No pending messages found
2026-06-21 16:27:44 - producer_sms - DEBUG - No pending messages found
2026-06-21 16:27:45 - producer_sms - DEBUG - No pending messages found
2026-06-21 16:27:46 - producer_sms - DEBUG - No pending messages found
2026-06-21 16:27:47 - producer_sms - DEBUG - No pending messages found
2026-06-21 16:27:48 - producer_sms - DEBUG - No pending messages found
2026-06-21 16:27:49 - producer_sms - DEBUG - No pending messages found
2026-06-21 16:27:50 - producer_sms - DEBUG - No pending messages found
2026-06-21 16:27:51 - producer_sms - DEBUG - No pending messages found
2026-06-21 16:27:53 - producer_sms - DEBUG - No pending messages found
2026-06-21 16:27:54 - producer_sms - DEBUG - No pending messages found
2026-06-21 16:27:55 - producer_sms - DEBUG - No pending messages found
2026-06-21 16:27:56 - producer_sms - DEBUG - No pending messages found
2026-06-21 16:27:57 - producer_sms - DEBUG - No pending messages found
2026-06-21 16:27:58 - producer_sms - DEBUG - No pending messages found
2026-06-21 16:27:59 - producer_sms - DEBUG - No pending messages found
2026-06-21 16:28:00 - producer_sms - DEBUG - No pending messages found
2026-06-21 16:28:01 - producer_sms - DEBUG - No pending messages found
2026-06-21 16:28:02 - producer_sms - DEBUG - No pending messages found
2026-06-21 16:28:03 - producer_sms - DEBUG - No pending messages found
2026-06-21 16:28:04 - producer_sms - DEBUG - No pending messages found
2026-06-21 16:28:05 - producer_sms - DEBUG - No pending messages found
2026-06-21 16:28:06 - producer_sms - DEBUG - No pending messages found
2026-06-21 16:28:07 - producer_sms - DEBUG - No pending messages found
2026-06-21 16:28:08 - producer_sms - DEBUG - No pending messages found
2026-06-21 16:28:09 - producer_sms - DEBUG - No pending messages found
2026-06-21 16:28:10 - producer_sms - DEBUG - No pending messages found
2026-06-21 16:28:11 - producer_sms - DEBUG - No pending messages found
2026-06-21 16:28:12 - producer_sms - DEBUG - No pending messages found
2026-06-21 16:28:13 - producer_sms - DEBUG - No pending messages found
2026-06-21 16:28:14 - producer_sms - DEBUG - No pending messages found
2026-06-21 16:28:15 - producer_sms - DEBUG - No pending messages found
2026-06-21 16:28:16 - producer_sms - DEBUG - No pending messages found
2026-06-21 16:28:17 - producer_sms - DEBUG - No pending messages found
2026-06-21 16:28:18 - producer_sms - DEBUG - No pending messages found
2026-06-21 16:28:19 - producer_sms - DEBUG - No pending messages found
2026-06-21 16:28:20 - producer_sms - DEBUG - No pending messages found
2026-06-21 16:28:21 - producer_sms - DEBUG - No pending messages found
2026-06-21 16:28:22 - producer_sms - DEBUG - No pending messages found
2026-06-21 16:28:23 - producer_sms - DEBUG - No pending messages found
2026-06-21 16:28:24 - producer_sms - DEBUG - No pending messages found
2026-06-21 16:28:25 - producer_sms - DEBUG - No pending messages found
2026-06-21 16:28:26 - producer_sms - DEBUG - No pending messages found
2026-06-21 16:28:27 - producer_sms - DEBUG - No pending messages found
2026-06-21 16:28:28 - producer_sms - DEBUG - No pending messages found
2026-06-21 16:28:29 - producer_sms - DEBUG - No pending messages found
2026-06-21 16:28:30 - producer_sms - DEBUG - No pending messages found
2026-06-21 16:28:31 - producer_sms - DEBUG - No pending messages found
2026-06-21 16:28:32 - producer_sms - DEBUG - No pending messages found
2026-06-21 16:28:33 - producer_sms - DEBUG - No pending messages found
2026-06-21 16:28:34 - producer_sms - DEBUG - No pending messages found
2026-06-21 16:28:35 - producer_sms - DEBUG - No pending messages found
2026-06-21 16:28:36 - producer_sms - DEBUG - No pending messages found
2026-06-21 16:28:37 - producer_sms - DEBUG - No pending messages found
2026-06-21 16:28:38 - producer_sms - DEBUG - No pending messages found
2026-06-21 16:28:39 - producer_sms - DEBUG - No pending messages found
2026-06-21 16:28:40 - producer_sms - DEBUG - No pending messages found
2026-06-21 16:28:41 - producer_sms - DEBUG - No pending messages found
2026-06-21 16:28:42 - producer_sms - DEBUG - No pending messages found
2026-06-21 16:28:43 - producer_sms - DEBUG - No pending messages found
2026-06-21 16:28:44 - producer_sms - DEBUG - No pending messages found
2026-06-21 16:28:45 - producer_sms - DEBUG - No pending messages found
2026-06-21 16:28:46 - producer_sms - DEBUG - No pending messages found
2026-06-21 16:28:47 - producer_sms - DEBUG - No pending messages found
2026-06-21 16:28:48 - producer_sms - DEBUG - No pending messages found
2026-06-21 16:28:49 - producer_sms - DEBUG - No pending messages found
2026-06-21 16:28:50 - producer_sms - DEBUG - No pending messages found
2026-06-21 16:28:51 - producer_sms - DEBUG - No pending messages found
2026-06-21 16:28:52 - producer_sms - DEBUG - No pending messages found
2026-06-21 16:28:53 - producer_sms - DEBUG - No pending messages found
2026-06-21 16:28:54 - producer_sms - DEBUG - No pending messages found
2026-06-21 16:28:55 - producer_sms - DEBUG - No pending messages found
2026-06-21 16:28:56 - producer_sms - DEBUG - No pending messages found
2026-06-21 16:28:57 - producer_sms - DEBUG - No pending messages found
2026-06-21 16:28:58 - producer_sms - DEBUG - No pending messages found
2026-06-21 16:28:59 - producer_sms - DEBUG - No pending messages found
2026-06-21 16:29:00 - producer_sms - DEBUG - No pending messages found
2026-06-21 16:29:01 - producer_sms - DEBUG - No pending messages found
2026-06-21 16:29:02 - producer_sms - DEBUG - No pending messages found
2026-06-21 16:29:03 - producer_sms - DEBUG - No pending messages found
2026-06-21 16:29:04 - producer_sms - DEBUG - No pending messages found
2026-06-21 16:29:05 - producer_sms - DEBUG - No pending messages found
2026-06-21 16:29:06 - producer_sms - DEBUG - No pending messages found
2026-06-21 16:29:07 - producer_sms - DEBUG - No pending messages found
2026-06-21 16:29:08 - producer_sms - DEBUG - No pending messages found
2026-06-21 16:29:09 - producer_sms - DEBUG - No pending messages found
2026-06-21 16:29:10 - producer_sms - DEBUG - No pending messages found
2026-06-21 16:29:11 - producer_sms - DEBUG - No pending messages found
2026-06-21 16:29:12 - producer_sms - DEBUG - No pending messages found
2026-06-21 16:29:13 - producer_sms - DEBUG - No pending messages found
2026-06-21 16:29:14 - producer_sms - DEBUG - No pending messages found
2026-06-21 16:29:15 - producer_sms - DEBUG - No pending messages found
2026-06-21 16:29:16 - producer_sms - DEBUG - No pending messages found
2026-06-21 16:29:17 - producer_sms - DEBUG - No pending messages found
2026-06-21 16:29:18 - producer_sms - DEBUG - No pending messages found
2026-06-21 16:29:19 - producer_sms - DEBUG - No pending messages found
2026-06-21 16:29:20 - producer_sms - DEBUG - No pending messages found
2026-06-21 16:29:21 - producer_sms - DEBUG - No pending messages found
2026-06-21 16:29:22 - producer_sms - DEBUG - No pending messages found
2026-06-21 16:29:23 - producer_sms - DEBUG - No pending messages found
2026-06-21 16:29:24 - producer_sms - DEBUG - No pending messages found
2026-06-21 16:29:25 - producer_sms - DEBUG - No pending messages found
2026-06-21 16:29:26 - producer_sms - DEBUG - No pending messages found
2026-06-21 16:29:27 - producer_sms - DEBUG - No pending messages found
2026-06-21 16:29:28 - producer_sms - DEBUG - No pending messages found
2026-06-21 16:29:29 - producer_sms - DEBUG - No pending messages found
2026-06-21 16:29:30 - producer_sms - DEBUG - No pending messages found
2026-06-21 16:29:31 - producer_sms - DEBUG - No pending messages found
2026-06-21 16:29:32 - producer_sms - DEBUG - No pending messages found
2026-06-21 16:29:33 - producer_sms - DEBUG - No pending messages found
2026-06-21 16:29:34 - producer_sms - DEBUG - No pending messages found
2026-06-21 16:29:35 - producer_sms - DEBUG - No pending messages found
2026-06-21 16:29:36 - producer_sms - DEBUG - No pending messages found
2026-06-21 16:29:37 - producer_sms - DEBUG - No pending messages found
2026-06-21 16:29:38 - producer_sms - DEBUG - No pending messages found
2026-06-21 16:29:39 - producer_sms - DEBUG - No pending messages found
2026-06-21 16:29:40 - producer_sms - DEBUG - No pending messages found
2026-06-21 16:29:41 - producer_sms - DEBUG - No pending messages found
2026-06-21 16:29:42 - producer_sms - DEBUG - No pending messages found
2026-06-21 16:29:43 - producer_sms - DEBUG - No pending messages found
2026-06-21 16:29:44 - producer_sms - DEBUG - No pending messages found
2026-06-21 16:29:45 - producer_sms - DEBUG - No pending messages found
2026-06-21 16:29:46 - producer_sms - DEBUG - No pending messages found
2026-06-21 16:29:47 - producer_sms - DEBUG - No pending messages found
2026-06-21 16:29:48 - producer_sms - DEBUG - No pending messages found
2026-06-21 16:29:49 - producer_sms - DEBUG - No pending messages found
2026-06-21 16:29:50 - producer_sms - DEBUG - No pending messages found
2026-06-21 16:29:51 - producer_sms - DEBUG - No pending messages found
2026-06-21 16:29:52 - producer_sms - DEBUG - No pending messages found
2026-06-21 16:29:53 - producer_sms - DEBUG - No pending messages found
2026-06-21 16:29:54 - producer_sms - DEBUG - No pending messages found
2026-06-21 16:29:55 - producer_sms - DEBUG - No pending messages found
2026-06-21 16:29:56 - producer_sms - DEBUG - No pending messages found
2026-06-21 16:29:57 - producer_sms - DEBUG - No pending messages found
2026-06-21 16:29:58 - producer_sms - DEBUG - No pending messages found
2026-06-21 16:29:59 - producer_sms - DEBUG - No pending messages found
2026-06-21 16:30:00 - producer_sms - DEBUG - No pending messages found
2026-06-21 16:30:01 - producer_sms - DEBUG - No pending messages found
2026-06-21 16:30:02 - producer_sms - DEBUG - No pending messages found
2026-06-21 16:30:03 - producer_sms - DEBUG - No pending messages found
2026-06-21 16:30:04 - producer_sms - DEBUG - No pending messages found
2026-06-21 16:30:05 - producer_sms - DEBUG - No pending messages found
2026-06-21 16:30:06 - producer_sms - DEBUG - No pending messages found
2026-06-21 16:30:07 - producer_sms - DEBUG - No pending messages found
2026-06-21 16:30:08 - producer_sms - DEBUG - No pending messages found
2026-06-21 16:30:09 - producer_sms - DEBUG - No pending messages found
2026-06-21 16:30:11 - producer_sms - DEBUG - No pending messages found
2026-06-21 16:30:12 - producer_sms - DEBUG - No pending messages found
2026-06-21 16:30:13 - producer_sms - DEBUG - No pending messages found
2026-06-21 16:30:14 - producer_sms - DEBUG - No pending messages found
2026-06-21 16:30:15 - producer_sms - DEBUG - No pending messages found
2026-06-21 16:30:16 - producer_sms - DEBUG - No pending messages found
2026-06-21 16:30:17 - producer_sms - DEBUG - No pending messages found
2026-06-21 16:30:18 - producer_sms - DEBUG - No pending messages found
2026-06-21 16:30:19 - producer_sms - DEBUG - No pending messages found
2026-06-21 16:30:20 - producer_sms - DEBUG - No pending messages found
2026-06-21 16:30:21 - producer_sms - DEBUG - No pending messages found
2026-06-21 16:30:22 - producer_sms - DEBUG - No pending messages found
2026-06-21 16:30:23 - producer_sms - DEBUG - No pending messages found
2026-06-21 16:30:24 - producer_sms - DEBUG - No pending messages found
2026-06-21 16:30:25 - producer_sms - DEBUG - No pending messages found
2026-06-21 16:30:26 - producer_sms - DEBUG - No pending messages found
2026-06-21 16:30:27 - producer_sms - DEBUG - No pending messages found
2026-06-21 16:30:28 - producer_sms - DEBUG - No pending messages found
2026-06-21 16:30:29 - producer_sms - DEBUG - No pending messages found
2026-06-21 16:30:30 - producer_sms - DEBUG - No pending messages found
2026-06-21 16:30:31 - producer_sms - DEBUG - No pending messages found
2026-06-21 16:30:32 - producer_sms - DEBUG - No pending messages found
2026-06-21 16:30:33 - producer_sms - DEBUG - No pending messages found
2026-06-21 16:30:34 - producer_sms - DEBUG - No pending messages found
2026-06-21 16:30:35 - producer_sms - DEBUG - No pending messages found
2026-06-21 16:30:36 - producer_sms - DEBUG - No pending messages found
2026-06-21 16:30:37 - producer_sms - DEBUG - No pending messages found
2026-06-21 16:30:38 - producer_sms - DEBUG - No pending messages found
2026-06-21 16:30:39 - producer_sms - DEBUG - No pending messages found
2026-06-21 16:30:40 - producer_sms - DEBUG - No pending messages found
2026-06-21 16:30:41 - producer_sms - DEBUG - No pending messages found
2026-06-21 16:30:42 - producer_sms - DEBUG - No pending messages found
2026-06-21 16:30:43 - producer_sms - DEBUG - No pending messages found
2026-06-21 16:30:44 - producer_sms - DEBUG - No pending messages found
2026-06-21 16:30:45 - producer_sms - DEBUG - No pending messages found
2026-06-21 16:30:46 - producer_sms - DEBUG - No pending messages found
2026-06-21 16:30:48 - producer_sms - DEBUG - No pending messages found
2026-06-21 16:30:49 - producer_sms - DEBUG - No pending messages found
2026-06-21 16:30:50 - producer_sms - DEBUG - No pending messages found
2026-06-21 16:30:51 - producer_sms - DEBUG - No pending messages found
2026-06-21 16:30:52 - producer_sms - DEBUG - No pending messages found
2026-06-21 16:30:53 - producer_sms - DEBUG - No pending messages found
2026-06-21 16:30:54 - producer_sms - DEBUG - No pending messages found
2026-06-21 16:30:55 - producer_sms - DEBUG - No pending messages found
2026-06-21 16:30:56 - producer_sms - DEBUG - No pending messages found
2026-06-21 16:30:57 - producer_sms - DEBUG - No pending messages found
2026-06-21 16:30:58 - producer_sms - DEBUG - No pending messages found
2026-06-21 16:30:59 - producer_sms - DEBUG - No pending messages found
2026-06-21 16:31:00 - producer_sms - DEBUG - No pending messages found
2026-06-21 16:31:01 - producer_sms - DEBUG - No pending messages found
2026-06-21 16:31:02 - producer_sms - DEBUG - No pending messages found
2026-06-21 16:31:02 - producer_sms - DEBUG - No pending messages found
2026-06-21 16:31:03 - producer_sms - DEBUG - No pending messages found
2026-06-21 16:31:04 - producer_sms - DEBUG - No pending messages found
2026-06-21 16:31:05 - producer_sms - DEBUG - No pending messages found
2026-06-21 16:31:06 - producer_sms - DEBUG - No pending messages found
2026-06-21 16:31:07 - producer_sms - DEBUG - No pending messages found
2026-06-21 16:31:08 - producer_sms - DEBUG - No pending messages found
2026-06-21 16:31:09 - producer_sms - DEBUG - No pending messages found
2026-06-21 16:31:10 - producer_sms - DEBUG - No pending messages found
2026-06-21 16:31:11 - producer_sms - DEBUG - No pending messages found
2026-06-21 16:31:12 - producer_sms - DEBUG - No pending messages found
2026-06-21 16:31:13 - producer_sms - DEBUG - No pending messages found
2026-06-21 16:31:14 - producer_sms - DEBUG - No pending messages found
2026-06-21 16:31:15 - producer_sms - DEBUG - No pending messages found
2026-06-21 16:31:16 - producer_sms - DEBUG - No pending messages found
2026-06-21 16:31:18 - producer_sms - DEBUG - No pending messages found
2026-06-21 16:31:19 - producer_sms - DEBUG - No pending messages found
2026-06-21 16:31:20 - producer_sms - DEBUG - No pending messages found
2026-06-21 16:31:21 - producer_sms - DEBUG - No pending messages found
2026-06-21 16:31:22 - producer_sms - DEBUG - No pending messages found
2026-06-21 16:31:23 - producer_sms - DEBUG - No pending messages found
2026-06-21 16:31:24 - producer_sms - DEBUG - No pending messages found
2026-06-21 16:31:25 - producer_sms - DEBUG - No pending messages found
2026-06-21 16:31:26 - producer_sms - DEBUG - No pending messages found
2026-06-21 16:31:27 - producer_sms - DEBUG - No pending messages found
2026-06-21 16:31:28 - producer_sms - DEBUG - No pending messages found
2026-06-21 16:31:29 - producer_sms - DEBUG - No pending messages found
2026-06-21 16:31:30 - producer_sms - DEBUG - No pending messages found
2026-06-21 16:31:31 - producer_sms - DEBUG - No pending messages found
2026-06-21 16:31:32 - producer_sms - DEBUG - No pending messages found
2026-06-21 16:31:33 - producer_sms - DEBUG - No pending messages found
2026-06-21 16:31:34 - producer_sms - DEBUG - No pending messages found
2026-06-21 16:31:35 - producer_sms - DEBUG - No pending messages found
2026-06-21 16:31:36 - producer_sms - DEBUG - No pending messages found
2026-06-21 16:31:37 - producer_sms - DEBUG - No pending messages found
2026-06-21 16:31:38 - producer_sms - DEBUG - No pending messages found
2026-06-21 16:31:39 - producer_sms - DEBUG - No pending messages found
2026-06-21 16:31:40 - producer_sms - DEBUG - No pending messages found
2026-06-21 16:31:41 - producer_sms - DEBUG - No pending messages found
2026-06-21 16:31:42 - producer_sms - DEBUG - No pending messages found
2026-06-21 16:31:43 - producer_sms - DEBUG - No pending messages found
2026-06-21 16:31:44 - producer_sms - DEBUG - No pending messages found
2026-06-21 16:31:45 - producer_sms - DEBUG - No pending messages found
2026-06-21 16:31:46 - producer_sms - DEBUG - No pending messages found
2026-06-21 16:31:49 - producer_sms - DEBUG - No pending messages found
2026-06-21 16:31:50 - producer_sms - DEBUG - No pending messages found
2026-06-21 16:31:51 - producer_sms - DEBUG - No pending messages found
2026-06-21 16:31:52 - producer_sms - DEBUG - No pending messages found
2026-06-21 16:31:53 - producer_sms - DEBUG - No pending messages found
2026-06-21 16:31:54 - producer_sms - DEBUG - No pending messages found
2026-06-21 16:31:55 - producer_sms - DEBUG - No pending messages found
2026-06-21 16:31:56 - producer_sms - DEBUG - No pending messages found
2026-06-21 16:31:57 - producer_sms - DEBUG - No pending messages found
2026-06-21 16:31:58 - producer_sms - DEBUG - No pending messages found
2026-06-21 16:31:59 - producer_sms - DEBUG - No pending messages found
2026-06-21 16:32:00 - producer_sms - DEBUG - No pending messages found
2026-06-21 16:32:01 - producer_sms - DEBUG - No pending messages found
2026-06-21 16:32:02 - producer_sms - DEBUG - No pending messages found
2026-06-21 16:32:03 - producer_sms - DEBUG - No pending messages found
2026-06-21 16:32:04 - producer_sms - DEBUG - No pending messages found
2026-06-21 16:32:05 - producer_sms - DEBUG - No pending messages found
2026-06-21 16:32:06 - producer_sms - DEBUG - No pending messages found
2026-06-21 16:32:07 - producer_sms - DEBUG - No pending messages found
2026-06-21 16:32:08 - producer_sms - DEBUG - No pending messages found
2026-06-21 16:32:09 - producer_sms - DEBUG - No pending messages found
2026-06-21 16:32:10 - producer_sms - DEBUG - No pending messages found
2026-06-21 16:32:11 - producer_sms - DEBUG - No pending messages found
2026-06-21 16:32:12 - producer_sms - DEBUG - No pending messages found
2026-06-21 16:32:13 - producer_sms - DEBUG - No pending messages found
2026-06-21 16:32:14 - producer_sms - DEBUG - No pending messages found
2026-06-21 16:32:15 - producer_sms - DEBUG - No pending messages found
2026-06-21 16:32:16 - producer_sms - DEBUG - No pending messages found
2026-06-21 16:32:18 - producer_sms - DEBUG - No pending messages found
2026-06-21 16:32:19 - producer_sms - DEBUG - No pending messages found
2026-06-21 16:32:20 - producer_sms - DEBUG - No pending messages found
2026-06-21 16:32:21 - producer_sms - DEBUG - No pending messages found
2026-06-21 16:32:22 - producer_sms - DEBUG - No pending messages found
2026-06-21 16:32:23 - producer_sms - DEBUG - No pending messages found
2026-06-21 16:32:24 - producer_sms - DEBUG - No pending messages found
2026-06-21 16:32:25 - producer_sms - DEBUG - No pending messages found
2026-06-21 16:32:26 - producer_sms - DEBUG - No pending messages found
2026-06-21 16:32:27 - producer_sms - DEBUG - No pending messages found
2026-06-21 16:32:28 - producer_sms - DEBUG - No pending messages found
2026-06-21 16:32:29 - producer_sms - DEBUG - No pending messages found
2026-06-21 16:32:30 - producer_sms - DEBUG - No pending messages found
2026-06-21 16:32:31 - producer_sms - DEBUG - No pending messages found
2026-06-21 16:32:32 - producer_sms - DEBUG - No pending messages found
2026-06-21 16:32:33 - producer_sms - DEBUG - No pending messages found
2026-06-21 16:32:34 - producer_sms - DEBUG - No pending messages found
2026-06-21 16:32:35 - producer_sms - DEBUG - No pending messages found
2026-06-21 16:32:36 - producer_sms - DEBUG - No pending messages found
2026-06-21 16:32:37 - producer_sms - DEBUG - No pending messages found
2026-06-21 16:32:38 - producer_sms - DEBUG - No pending messages found
2026-06-21 16:32:39 - producer_sms - DEBUG - No pending messages found
2026-06-21 16:32:40 - producer_sms - DEBUG - No pending messages found
2026-06-21 16:32:41 - producer_sms - DEBUG - No pending messages found
2026-06-21 16:32:42 - producer_sms - DEBUG - No pending messages found
2026-06-21 16:32:43 - producer_sms - DEBUG - No pending messages found
2026-06-21 16:32:44 - producer_sms - DEBUG - No pending messages found
2026-06-21 16:32:45 - producer_sms - DEBUG - No pending messages found
2026-06-21 16:32:46 - producer_sms - DEBUG - No pending messages found
2026-06-21 16:32:48 - producer_sms - DEBUG - No pending messages found
2026-06-21 16:32:49 - producer_sms - DEBUG - No pending messages found
2026-06-21 16:32:50 - producer_sms - DEBUG - No pending messages found
2026-06-21 16:32:51 - producer_sms - DEBUG - No pending messages found
2026-06-21 16:32:52 - producer_sms - DEBUG - No pending messages found
2026-06-21 16:32:53 - producer_sms - DEBUG - No pending messages found
2026-06-21 16:32:55 - producer_sms - DEBUG - No pending messages found
2026-06-21 16:32:56 - producer_sms - DEBUG - No pending messages found
2026-06-21 16:32:57 - producer_sms - DEBUG - No pending messages found
2026-06-21 16:32:58 - producer_sms - DEBUG - No pending messages found
2026-06-21 16:32:59 - producer_sms - DEBUG - No pending messages found
2026-06-21 16:33:00 - producer_sms - DEBUG - No pending messages found
2026-06-21 16:33:01 - producer_sms - DEBUG - No pending messages found
2026-06-21 16:33:02 - producer_sms - DEBUG - No pending messages found
2026-06-21 16:33:03 - producer_sms - DEBUG - No pending messages found
2026-06-21 16:33:04 - producer_sms - DEBUG - No pending messages found
2026-06-21 16:33:05 - producer_sms - DEBUG - No pending messages found
2026-06-21 16:33:06 - producer_sms - DEBUG - No pending messages found
2026-06-21 16:33:07 - producer_sms - DEBUG - No pending messages found
2026-06-21 16:33:08 - producer_sms - DEBUG - No pending messages found
2026-06-21 16:33:09 - producer_sms - DEBUG - No pending messages found
2026-06-21 16:33:10 - producer_sms - DEBUG - No pending messages found
2026-06-21 16:33:11 - producer_sms - DEBUG - No pending messages found
2026-06-21 16:33:12 - producer_sms - DEBUG - No pending messages found
2026-06-21 16:33:13 - producer_sms - DEBUG - No pending messages found
2026-06-21 16:33:14 - producer_sms - DEBUG - No pending messages found
2026-06-21 16:33:15 - producer_sms - DEBUG - No pending messages found
2026-06-21 16:33:16 - producer_sms - DEBUG - No pending messages found
2026-06-21 16:33:17 - producer_sms - DEBUG - No pending messages found
2026-06-21 16:33:18 - producer_sms - DEBUG - No pending messages found
2026-06-21 16:33:19 - producer_sms - DEBUG - No pending messages found
2026-06-21 16:33:20 - producer_sms - DEBUG - No pending messages found
2026-06-21 16:33:21 - producer_sms - DEBUG - No pending messages found
2026-06-21 16:33:22 - producer_sms - DEBUG - No pending messages found
2026-06-21 16:33:23 - producer_sms - DEBUG - No pending messages found
2026-06-21 16:33:24 - producer_sms - DEBUG - No pending messages found
2026-06-21 16:33:25 - producer_sms - DEBUG - No pending messages found
2026-06-21 16:33:26 - producer_sms - DEBUG - No pending messages found
2026-06-21 16:33:27 - producer_sms - DEBUG - No pending messages found
2026-06-21 16:33:28 - producer_sms - DEBUG - No pending messages found
2026-06-21 16:33:29 - producer_sms - DEBUG - No pending messages found
2026-06-21 16:33:30 - producer_sms - DEBUG - No pending messages found
2026-06-21 16:33:31 - producer_sms - DEBUG - No pending messages found
2026-06-21 16:33:32 - producer_sms - DEBUG - No pending messages found
2026-06-21 16:33:33 - producer_sms - DEBUG - No pending messages found
2026-06-21 16:33:34 - producer_sms - DEBUG - No pending messages found
2026-06-21 16:33:35 - producer_sms - DEBUG - No pending messages found
2026-06-21 16:33:36 - producer_sms - DEBUG - No pending messages found
2026-06-21 16:33:37 - producer_sms - DEBUG - No pending messages found
2026-06-21 16:33:38 - producer_sms - DEBUG - No pending messages found
2026-06-21 16:33:39 - producer_sms - DEBUG - No pending messages found
2026-06-21 16:33:40 - producer_sms - DEBUG - No pending messages found
2026-06-21 16:33:41 - producer_sms - DEBUG - No pending messages found
2026-06-21 16:33:42 - producer_sms - DEBUG - No pending messages found
2026-06-21 16:33:43 - producer_sms - DEBUG - No pending messages found
2026-06-21 16:33:44 - producer_sms - DEBUG - No pending messages found
2026-06-21 16:33:45 - producer_sms - DEBUG - No pending messages found
2026-06-21 16:33:46 - producer_sms - DEBUG - No pending messages found
2026-06-21 16:33:47 - producer_sms - DEBUG - No pending messages found
2026-06-21 16:33:49 - producer_sms - DEBUG - No pending messages found
2026-06-21 16:33:50 - producer_sms - DEBUG - No pending messages found
2026-06-21 16:33:51 - producer_sms - DEBUG - No pending messages found
2026-06-21 16:33:52 - producer_sms - DEBUG - No pending messages found
2026-06-21 16:33:53 - producer_sms - DEBUG - No pending messages found
2026-06-21 16:33:54 - producer_sms - DEBUG - No pending messages found
2026-06-21 16:33:55 - producer_sms - DEBUG - No pending messages found
2026-06-21 16:33:56 - producer_sms - DEBUG - No pending messages found
2026-06-21 16:33:57 - producer_sms - DEBUG - No pending messages found
2026-06-21 16:33:58 - producer_sms - DEBUG - No pending messages found
2026-06-21 16:33:59 - producer_sms - DEBUG - No pending messages found
2026-06-21 16:34:00 - producer_sms - DEBUG - No pending messages found
2026-06-21 16:34:01 - producer_sms - DEBUG - No pending messages found
2026-06-21 16:34:02 - producer_sms - DEBUG - No pending messages found
2026-06-21 16:34:03 - producer_sms - DEBUG - No pending messages found
2026-06-21 16:34:04 - producer_sms - DEBUG - No pending messages found
2026-06-21 16:34:05 - producer_sms - DEBUG - No pending messages found
2026-06-21 16:34:06 - producer_sms - DEBUG - No pending messages found
2026-06-21 16:34:07 - producer_sms - DEBUG - No pending messages found
2026-06-21 16:34:08 - producer_sms - DEBUG - No pending messages found
2026-06-21 16:34:09 - producer_sms - DEBUG - No pending messages found
2026-06-21 16:34:10 - producer_sms - DEBUG - No pending messages found
2026-06-21 16:34:11 - producer_sms - DEBUG - No pending messages found
2026-06-21 16:34:12 - producer_sms - DEBUG - No pending messages found
2026-06-21 16:34:13 - producer_sms - DEBUG - No pending messages found
2026-06-21 16:34:14 - producer_sms - DEBUG - No pending messages found
2026-06-21 16:34:15 - producer_sms - DEBUG - No pending messages found
2026-06-21 16:34:16 - producer_sms - DEBUG - No pending messages found
2026-06-21 16:34:17 - producer_sms - DEBUG - No pending messages found
2026-06-21 16:34:18 - producer_sms - DEBUG - No pending messages found
2026-06-21 16:34:19 - producer_sms - DEBUG - No pending messages found
2026-06-21 16:34:20 - producer_sms - DEBUG - No pending messages found
2026-06-21 16:34:21 - producer_sms - DEBUG - No pending messages found
2026-06-21 16:34:22 - producer_sms - DEBUG - No pending messages found
2026-06-21 16:34:23 - producer_sms - DEBUG - No pending messages found
2026-06-21 16:34:24 - producer_sms - DEBUG - No pending messages found
2026-06-21 16:34:25 - producer_sms - DEBUG - No pending messages found
2026-06-21 16:34:26 - producer_sms - DEBUG - No pending messages found
2026-06-21 16:34:27 - producer_sms - DEBUG - No pending messages found
2026-06-21 16:34:28 - producer_sms - DEBUG - No pending messages found
2026-06-21 16:34:29 - producer_sms - DEBUG - No pending messages found
2026-06-21 16:34:30 - producer_sms - DEBUG - No pending messages found
2026-06-21 16:34:31 - producer_sms - DEBUG - No pending messages found
2026-06-21 16:34:32 - producer_sms - DEBUG - No pending messages found
2026-06-21 16:34:33 - producer_sms - DEBUG - No pending messages found
2026-06-21 16:34:34 - producer_sms - DEBUG - No pending messages found
2026-06-21 16:34:35 - producer_sms - DEBUG - No pending messages found
2026-06-21 16:34:36 - producer_sms - DEBUG - No pending messages found
2026-06-21 16:34:37 - producer_sms - DEBUG - No pending messages found
2026-06-21 16:34:38 - producer_sms - DEBUG - No pending messages found
2026-06-21 16:34:39 - producer_sms - DEBUG - No pending messages found
2026-06-21 16:34:40 - producer_sms - DEBUG - No pending messages found
2026-06-21 16:34:41 - producer_sms - DEBUG - No pending messages found
2026-06-21 16:34:42 - producer_sms - DEBUG - No pending messages found
2026-06-21 16:34:43 - producer_sms - DEBUG - No pending messages found
2026-06-21 16:34:44 - producer_sms - DEBUG - No pending messages found
2026-06-21 16:34:45 - producer_sms - DEBUG - No pending messages found
2026-06-21 16:34:47 - producer_sms - DEBUG - No pending messages found
2026-06-21 16:34:48 - producer_sms - DEBUG - No pending messages found
2026-06-21 16:34:49 - producer_sms - DEBUG - No pending messages found
2026-06-21 16:34:50 - producer_sms - DEBUG - No pending messages found
2026-06-21 16:34:51 - producer_sms - DEBUG - No pending messages found
2026-06-21 16:34:52 - producer_sms - DEBUG - No pending messages found
2026-06-21 16:34:53 - producer_sms - DEBUG - No pending messages found
2026-06-21 16:34:54 - producer_sms - DEBUG - No pending messages found
2026-06-21 16:34:55 - producer_sms - DEBUG - No pending messages found
2026-06-21 16:34:56 - producer_sms - DEBUG - No pending messages found
2026-06-21 16:34:57 - producer_sms - DEBUG - No pending messages found
2026-06-21 16:34:58 - producer_sms - DEBUG - No pending messages found
2026-06-21 16:34:59 - producer_sms - DEBUG - No pending messages found
2026-06-21 16:35:00 - producer_sms - DEBUG - No pending messages found
2026-06-21 16:35:01 - producer_sms - DEBUG - No pending messages found
2026-06-21 16:35:02 - producer_sms - DEBUG - No pending messages found
2026-06-21 16:35:03 - producer_sms - DEBUG - No pending messages found
2026-06-21 16:35:04 - producer_sms - DEBUG - No pending messages found
2026-06-21 16:35:05 - producer_sms - DEBUG - No pending messages found
2026-06-21 16:35:06 - producer_sms - DEBUG - No pending messages found
2026-06-21 16:35:07 - producer_sms - DEBUG - No pending messages found
2026-06-21 16:35:08 - producer_sms - DEBUG - No pending messages found
2026-06-21 16:35:09 - producer_sms - DEBUG - No pending messages found
2026-06-21 16:35:10 - producer_sms - DEBUG - No pending messages found
2026-06-21 16:35:11 - producer_sms - DEBUG - No pending messages found
2026-06-21 16:35:12 - producer_sms - DEBUG - No pending messages found
2026-06-21 16:35:13 - producer_sms - DEBUG - No pending messages found
2026-06-21 16:35:14 - producer_sms - DEBUG - No pending messages found
2026-06-21 16:35:15 - producer_sms - DEBUG - No pending messages found
2026-06-21 16:35:16 - producer_sms - DEBUG - No pending messages found
2026-06-21 16:35:17 - producer_sms - DEBUG - No pending messages found
2026-06-21 16:35:18 - producer_sms - DEBUG - No pending messages found
2026-06-21 16:35:19 - producer_sms - DEBUG - No pending messages found
2026-06-21 16:35:20 - producer_sms - DEBUG - No pending messages found
2026-06-21 16:35:21 - producer_sms - DEBUG - No pending messages found
2026-06-21 16:35:22 - producer_sms - DEBUG - No pending messages found
2026-06-21 16:35:23 - producer_sms - DEBUG - No pending messages found
2026-06-21 16:35:24 - producer_sms - DEBUG - No pending messages found
2026-06-21 16:35:25 - producer_sms - DEBUG - No pending messages found
2026-06-21 16:35:26 - producer_sms - DEBUG - No pending messages found
2026-06-21 16:35:27 - producer_sms - DEBUG - No pending messages found
2026-06-21 16:35:28 - producer_sms - DEBUG - No pending messages found
2026-06-21 16:35:29 - producer_sms - DEBUG - No pending messages found
2026-06-21 16:35:30 - producer_sms - DEBUG - No pending messages found
2026-06-21 16:35:31 - producer_sms - DEBUG - No pending messages found
2026-06-21 16:35:32 - producer_sms - DEBUG - No pending messages found
2026-06-21 16:35:33 - producer_sms - DEBUG - No pending messages found
2026-06-21 16:35:34 - producer_sms - DEBUG - No pending messages found
2026-06-21 16:35:35 - producer_sms - DEBUG - No pending messages found
2026-06-21 16:35:36 - producer_sms - DEBUG - No pending messages found
2026-06-21 16:35:37 - producer_sms - DEBUG - No pending messages found
2026-06-21 16:35:38 - producer_sms - DEBUG - No pending messages found
2026-06-21 16:35:39 - producer_sms - DEBUG - No pending messages found
2026-06-21 16:35:40 - producer_sms - DEBUG - No pending messages found
2026-06-21 16:35:41 - producer_sms - DEBUG - No pending messages found
2026-06-21 16:35:42 - producer_sms - DEBUG - No pending messages found
2026-06-21 16:35:43 - producer_sms - DEBUG - No pending messages found
2026-06-21 16:35:44 - producer_sms - DEBUG - No pending messages found
2026-06-21 16:35:45 - producer_sms - DEBUG - No pending messages found
2026-06-21 16:35:46 - producer_sms - DEBUG - No pending messages found
2026-06-21 16:35:47 - producer_sms - DEBUG - No pending messages found
2026-06-21 16:35:48 - producer_sms - DEBUG - No pending messages found
2026-06-21 16:35:49 - producer_sms - DEBUG - No pending messages found
2026-06-21 16:35:50 - producer_sms - DEBUG - No pending messages found
2026-06-21 16:35:51 - producer_sms - DEBUG - No pending messages found
2026-06-21 16:35:52 - producer_sms - DEBUG - No pending messages found
2026-06-21 16:35:53 - producer_sms - DEBUG - No pending messages found
2026-06-21 16:35:54 - producer_sms - DEBUG - No pending messages found
2026-06-21 16:35:55 - producer_sms - DEBUG - No pending messages found
2026-06-21 16:35:56 - producer_sms - DEBUG - No pending messages found
2026-06-21 16:35:57 - producer_sms - DEBUG - No pending messages found
2026-06-21 16:35:58 - producer_sms - DEBUG - No pending messages found
2026-06-21 16:35:59 - producer_sms - DEBUG - No pending messages found
2026-06-21 16:36:00 - producer_sms - DEBUG - No pending messages found
2026-06-21 16:36:01 - producer_sms - DEBUG - No pending messages found
2026-06-21 16:36:02 - producer_sms - DEBUG - No pending messages found
2026-06-21 16:36:03 - producer_sms - DEBUG - No pending messages found
2026-06-21 16:36:04 - producer_sms - DEBUG - No pending messages found
2026-06-21 16:36:05 - producer_sms - DEBUG - No pending messages found
2026-06-21 16:36:06 - producer_sms - DEBUG - No pending messages found
2026-06-21 16:36:07 - producer_sms - DEBUG - No pending messages found
2026-06-21 16:36:08 - producer_sms - DEBUG - No pending messages found
2026-06-21 16:36:09 - producer_sms - DEBUG - No pending messages found
2026-06-21 16:36:10 - producer_sms - DEBUG - No pending messages found
2026-06-21 16:36:11 - producer_sms - DEBUG - No pending messages found
2026-06-21 16:36:12 - producer_sms - DEBUG - No pending messages found
2026-06-21 16:36:13 - producer_sms - DEBUG - No pending messages found
2026-06-21 16:36:14 - producer_sms - DEBUG - No pending messages found
2026-06-21 16:36:15 - producer_sms - DEBUG - No pending messages found
2026-06-21 16:36:16 - producer_sms - DEBUG - No pending messages found
2026-06-21 16:36:17 - producer_sms - DEBUG - No pending messages found
2026-06-21 16:36:19 - producer_sms - DEBUG - No pending messages found
2026-06-21 16:36:20 - producer_sms - DEBUG - No pending messages found
2026-06-21 16:36:21 - producer_sms - DEBUG - No pending messages found
2026-06-21 16:36:22 - producer_sms - DEBUG - No pending messages found
2026-06-21 16:36:23 - producer_sms - DEBUG - No pending messages found
2026-06-21 16:36:24 - producer_sms - DEBUG - No pending messages found
2026-06-21 16:36:25 - producer_sms - DEBUG - No pending messages found
2026-06-21 16:36:26 - producer_sms - DEBUG - No pending messages found
2026-06-21 16:36:27 - producer_sms - DEBUG - No pending messages found
2026-06-21 16:36:28 - producer_sms - DEBUG - No pending messages found
2026-06-21 16:36:29 - producer_sms - DEBUG - No pending messages found
2026-06-21 16:36:30 - producer_sms - DEBUG - No pending messages found
2026-06-21 16:36:31 - producer_sms - DEBUG - No pending messages found
2026-06-21 16:36:32 - producer_sms - DEBUG - No pending messages found
2026-06-21 16:36:33 - producer_sms - DEBUG - No pending messages found
2026-06-21 16:36:34 - producer_sms - DEBUG - No pending messages found
2026-06-21 16:36:35 - producer_sms - DEBUG - No pending messages found
2026-06-21 16:36:36 - producer_sms - DEBUG - No pending messages found
2026-06-21 16:36:37 - producer_sms - DEBUG - No pending messages found
2026-06-21 16:36:38 - producer_sms - DEBUG - No pending messages found
2026-06-21 16:36:39 - producer_sms - DEBUG - No pending messages found
2026-06-21 16:36:40 - producer_sms - DEBUG - No pending messages found
2026-06-21 16:36:41 - producer_sms - DEBUG - No pending messages found
2026-06-21 16:36:42 - producer_sms - DEBUG - No pending messages found
2026-06-21 16:36:43 - producer_sms - DEBUG - No pending messages found
2026-06-21 16:36:44 - producer_sms - DEBUG - No pending messages found
2026-06-21 16:36:45 - producer_sms - DEBUG - No pending messages found
2026-06-21 16:36:46 - producer_sms - DEBUG - No pending messages found
2026-06-21 16:36:47 - producer_sms - DEBUG - No pending messages found
2026-06-21 16:36:48 - producer_sms - DEBUG - No pending messages found
2026-06-21 16:36:49 - producer_sms - DEBUG - No pending messages found
2026-06-21 16:36:50 - producer_sms - DEBUG - No pending messages found
2026-06-21 16:36:51 - producer_sms - DEBUG - No pending messages found
2026-06-21 16:36:52 - producer_sms - DEBUG - No pending messages found
2026-06-21 16:36:53 - producer_sms - DEBUG - No pending messages found
2026-06-21 16:36:54 - producer_sms - DEBUG - No pending messages found
2026-06-21 16:36:55 - producer_sms - DEBUG - No pending messages found
2026-06-21 16:36:56 - producer_sms - DEBUG - No pending messages found
2026-06-21 16:36:57 - producer_sms - DEBUG - No pending messages found
2026-06-21 16:36:58 - producer_sms - DEBUG - No pending messages found
2026-06-21 16:36:59 - producer_sms - DEBUG - No pending messages found
2026-06-21 16:37:00 - producer_sms - DEBUG - No pending messages found
2026-06-21 16:37:01 - producer_sms - DEBUG - No pending messages found
2026-06-21 16:37:02 - producer_sms - DEBUG - No pending messages found
2026-06-21 16:37:03 - producer_sms - DEBUG - No pending messages found
2026-06-21 16:37:04 - producer_sms - DEBUG - No pending messages found
2026-06-21 16:37:05 - producer_sms - DEBUG - No pending messages found
2026-06-21 16:37:06 - producer_sms - DEBUG - No pending messages found
2026-06-21 16:37:07 - producer_sms - DEBUG - No pending messages found
2026-06-21 16:37:08 - producer_sms - DEBUG - No pending messages found
2026-06-21 16:37:09 - producer_sms - DEBUG - No pending messages found
2026-06-21 16:37:10 - producer_sms - DEBUG - No pending messages found
2026-06-21 16:37:11 - producer_sms - DEBUG - No pending messages found
2026-06-21 16:37:12 - producer_sms - DEBUG - No pending messages found
2026-06-21 16:37:13 - producer_sms - DEBUG - No pending messages found
2026-06-21 16:37:14 - producer_sms - DEBUG - No pending messages found
2026-06-21 16:37:15 - producer_sms - DEBUG - No pending messages found
2026-06-21 16:37:16 - producer_sms - DEBUG - No pending messages found
2026-06-21 16:37:17 - producer_sms - DEBUG - No pending messages found
2026-06-21 16:37:18 - producer_sms - DEBUG - No pending messages found
2026-06-21 16:37:19 - producer_sms - DEBUG - No pending messages found
2026-06-21 16:37:20 - producer_sms - DEBUG - No pending messages found
2026-06-21 16:37:21 - producer_sms - DEBUG - No pending messages found
2026-06-21 16:37:22 - producer_sms - DEBUG - No pending messages found
2026-06-21 16:37:23 - producer_sms - DEBUG - No pending messages found
2026-06-21 16:37:24 - producer_sms - DEBUG - No pending messages found
2026-06-21 16:37:25 - producer_sms - DEBUG - No pending messages found
2026-06-21 16:37:26 - producer_sms - DEBUG - No pending messages found
2026-06-21 16:37:27 - producer_sms - DEBUG - No pending messages found
2026-06-21 16:37:28 - producer_sms - DEBUG - No pending messages found
2026-06-21 16:37:29 - producer_sms - DEBUG - No pending messages found
2026-06-21 16:37:30 - producer_sms - DEBUG - No pending messages found
2026-06-21 16:37:31 - producer_sms - DEBUG - No pending messages found
2026-06-21 16:37:32 - producer_sms - DEBUG - No pending messages found
2026-06-21 16:37:33 - producer_sms - DEBUG - No pending messages found
2026-06-21 16:37:34 - producer_sms - DEBUG - No pending messages found
2026-06-21 16:37:35 - producer_sms - DEBUG - No pending messages found
2026-06-21 16:37:36 - producer_sms - DEBUG - No pending messages found
2026-06-21 16:37:37 - producer_sms - DEBUG - No pending messages found
2026-06-21 16:37:38 - producer_sms - DEBUG - No pending messages found
2026-06-21 16:37:39 - producer_sms - DEBUG - No pending messages found
2026-06-21 16:37:40 - producer_sms - DEBUG - No pending messages found
2026-06-21 16:37:41 - producer_sms - DEBUG - No pending messages found
2026-06-21 16:37:42 - producer_sms - DEBUG - No pending messages found
2026-06-21 16:37:43 - producer_sms - DEBUG - No pending messages found
2026-06-21 16:37:44 - producer_sms - DEBUG - No pending messages found
2026-06-21 16:37:45 - producer_sms - DEBUG - No pending messages found
2026-06-21 16:37:46 - producer_sms - DEBUG - No pending messages found
2026-06-21 16:37:47 - producer_sms - DEBUG - No pending messages found
2026-06-21 16:37:48 - producer_sms - DEBUG - No pending messages found
2026-06-21 16:37:49 - producer_sms - DEBUG - No pending messages found
2026-06-21 16:37:50 - producer_sms - DEBUG - No pending messages found
2026-06-21 16:37:51 - producer_sms - DEBUG - No pending messages found
2026-06-21 16:37:52 - producer_sms - DEBUG - No pending messages found
2026-06-21 16:37:53 - producer_sms - DEBUG - No pending messages found
2026-06-21 16:37:54 - producer_sms - DEBUG - No pending messages found
2026-06-21 16:37:55 - producer_sms - DEBUG - No pending messages found
2026-06-21 16:37:56 - producer_sms - DEBUG - No pending messages found
2026-06-21 16:37:57 - producer_sms - DEBUG - No pending messages found
2026-06-21 16:37:58 - producer_sms - DEBUG - No pending messages found
2026-06-21 16:37:59 - producer_sms - DEBUG - No pending messages found
2026-06-21 16:38:00 - producer_sms - DEBUG - No pending messages found
2026-06-21 16:38:01 - producer_sms - DEBUG - No pending messages found
2026-06-21 16:38:02 - producer_sms - DEBUG - No pending messages found
2026-06-21 16:38:03 - producer_sms - DEBUG - No pending messages found
2026-06-21 16:38:04 - producer_sms - DEBUG - No pending messages found
2026-06-21 16:38:05 - producer_sms - DEBUG - No pending messages found
2026-06-21 16:38:06 - producer_sms - DEBUG - No pending messages found
2026-06-21 16:38:07 - producer_sms - DEBUG - No pending messages found
2026-06-21 16:38:08 - producer_sms - DEBUG - No pending messages found
2026-06-21 16:38:09 - producer_sms - DEBUG - No pending messages found
2026-06-21 16:38:10 - producer_sms - DEBUG - No pending messages found
2026-06-21 16:38:11 - producer_sms - DEBUG - No pending messages found
2026-06-21 16:38:12 - producer_sms - DEBUG - No pending messages found
2026-06-21 16:38:13 - producer_sms - DEBUG - No pending messages found
2026-06-21 16:38:15 - producer_sms - DEBUG - No pending messages found
2026-06-21 16:38:16 - producer_sms - DEBUG - No pending messages found
2026-06-21 16:38:17 - producer_sms - DEBUG - No pending messages found
2026-06-21 16:38:18 - producer_sms - DEBUG - No pending messages found
2026-06-21 16:38:19 - producer_sms - DEBUG - No pending messages found
2026-06-21 16:38:20 - producer_sms - DEBUG - No pending messages found
2026-06-21 16:38:21 - producer_sms - DEBUG - No pending messages found
2026-06-21 16:38:22 - producer_sms - DEBUG - No pending messages found
2026-06-21 16:38:23 - producer_sms - DEBUG - No pending messages found
2026-06-21 16:38:24 - producer_sms - DEBUG - No pending messages found
2026-06-21 16:38:25 - producer_sms - DEBUG - No pending messages found
2026-06-21 16:38:26 - producer_sms - DEBUG - No pending messages found
2026-06-21 16:38:27 - producer_sms - DEBUG - No pending messages found
2026-06-21 16:38:28 - producer_sms - DEBUG - No pending messages found
2026-06-21 16:38:29 - producer_sms - DEBUG - No pending messages found
2026-06-21 16:38:30 - producer_sms - DEBUG - No pending messages found
2026-06-21 16:38:31 - producer_sms - DEBUG - No pending messages found
2026-06-21 16:38:32 - producer_sms - DEBUG - No pending messages found
2026-06-21 16:38:33 - producer_sms - DEBUG - No pending messages found
2026-06-21 16:38:34 - producer_sms - DEBUG - No pending messages found
2026-06-21 16:38:35 - producer_sms - DEBUG - No pending messages found
2026-06-21 16:38:36 - producer_sms - DEBUG - No pending messages found
2026-06-21 16:38:37 - producer_sms - DEBUG - No pending messages found
2026-06-21 16:38:38 - producer_sms - DEBUG - No pending messages found
2026-06-21 16:38:39 - producer_sms - DEBUG - No pending messages found
2026-06-21 16:38:40 - producer_sms - DEBUG - No pending messages found
2026-06-21 16:38:41 - producer_sms - DEBUG - No pending messages found
2026-06-21 16:38:42 - producer_sms - DEBUG - No pending messages found
2026-06-21 16:38:43 - producer_sms - DEBUG - No pending messages found
2026-06-21 16:38:44 - producer_sms - DEBUG - No pending messages found
2026-06-21 16:38:45 - producer_sms - DEBUG - No pending messages found
2026-06-21 16:38:46 - producer_sms - DEBUG - No pending messages found
2026-06-21 16:38:47 - producer_sms - DEBUG - No pending messages found
2026-06-21 16:38:48 - producer_sms - DEBUG - No pending messages found
2026-06-21 16:38:49 - producer_sms - DEBUG - No pending messages found
2026-06-21 16:38:50 - producer_sms - DEBUG - No pending messages found
2026-06-21 16:38:51 - producer_sms - DEBUG - No pending messages found
2026-06-21 16:38:52 - producer_sms - DEBUG - No pending messages found
2026-06-21 16:38:53 - producer_sms - DEBUG - No pending messages found
2026-06-21 16:38:54 - producer_sms - DEBUG - No pending messages found
2026-06-21 16:38:55 - producer_sms - DEBUG - No pending messages found
2026-06-21 16:38:56 - producer_sms - DEBUG - No pending messages found
2026-06-21 16:38:57 - producer_sms - DEBUG - No pending messages found
2026-06-21 16:38:58 - producer_sms - DEBUG - No pending messages found
2026-06-21 16:38:59 - producer_sms - DEBUG - No pending messages found
2026-06-21 16:39:00 - producer_sms - DEBUG - No pending messages found
2026-06-21 16:39:01 - producer_sms - DEBUG - No pending messages found
2026-06-21 16:39:02 - producer_sms - DEBUG - No pending messages found
2026-06-21 16:39:03 - producer_sms - DEBUG - No pending messages found
2026-06-21 16:39:04 - producer_sms - DEBUG - No pending messages found
2026-06-21 16:39:05 - producer_sms - DEBUG - No pending messages found
2026-06-21 16:39:06 - producer_sms - DEBUG - No pending messages found
2026-06-21 16:39:07 - producer_sms - DEBUG - No pending messages found
2026-06-21 16:39:08 - producer_sms - DEBUG - No pending messages found
2026-06-21 16:39:09 - producer_sms - DEBUG - No pending messages found
2026-06-21 16:39:10 - producer_sms - DEBUG - No pending messages found
2026-06-21 16:39:11 - producer_sms - DEBUG - No pending messages found
2026-06-21 16:39:12 - producer_sms - DEBUG - No pending messages found
2026-06-21 16:39:13 - producer_sms - DEBUG - No pending messages found
2026-06-21 16:39:14 - producer_sms - DEBUG - No pending messages found
2026-06-21 16:39:15 - producer_sms - DEBUG - No pending messages found
2026-06-21 16:39:16 - producer_sms - DEBUG - No pending messages found
2026-06-21 16:39:17 - producer_sms - DEBUG - No pending messages found
2026-06-21 16:39:18 - producer_sms - DEBUG - No pending messages found
2026-06-21 16:39:19 - producer_sms - DEBUG - No pending messages found
2026-06-21 16:39:20 - producer_sms - DEBUG - No pending messages found
2026-06-21 16:39:21 - producer_sms - DEBUG - No pending messages found
2026-06-21 16:39:22 - producer_sms - DEBUG - No pending messages found
2026-06-21 16:39:23 - producer_sms - DEBUG - No pending messages found
2026-06-21 16:39:24 - producer_sms - DEBUG - No pending messages found
2026-06-21 16:39:25 - producer_sms - DEBUG - No pending messages found
2026-06-21 16:39:26 - producer_sms - DEBUG - No pending messages found
2026-06-21 16:39:27 - producer_sms - DEBUG - No pending messages found
2026-06-21 16:39:28 - producer_sms - DEBUG - No pending messages found
2026-06-21 16:39:29 - producer_sms - DEBUG - No pending messages found
2026-06-21 16:39:30 - producer_sms - DEBUG - No pending messages found
2026-06-21 16:39:31 - producer_sms - DEBUG - No pending messages found
2026-06-21 16:39:32 - producer_sms - DEBUG - No pending messages found
2026-06-21 16:39:33 - producer_sms - DEBUG - No pending messages found
2026-06-21 16:39:34 - producer_sms - DEBUG - No pending messages found
2026-06-21 16:39:35 - producer_sms - DEBUG - No pending messages found
2026-06-21 16:39:36 - producer_sms - DEBUG - No pending messages found
2026-06-21 16:39:37 - producer_sms - DEBUG - No pending messages found
2026-06-21 16:39:38 - producer_sms - DEBUG - No pending messages found
2026-06-21 16:39:39 - producer_sms - DEBUG - No pending messages found
2026-06-21 16:39:40 - producer_sms - DEBUG - No pending messages found
2026-06-21 16:39:41 - producer_sms - DEBUG - No pending messages found
2026-06-21 16:39:42 - producer_sms - DEBUG - No pending messages found
2026-06-21 16:39:43 - producer_sms - DEBUG - No pending messages found
2026-06-21 16:39:44 - producer_sms - DEBUG - No pending messages found
2026-06-21 16:39:45 - producer_sms - DEBUG - No pending messages found
2026-06-21 16:39:46 - producer_sms - DEBUG - No pending messages found
2026-06-21 16:39:47 - producer_sms - DEBUG - No pending messages found
2026-06-21 16:39:48 - producer_sms - DEBUG - No pending messages found
2026-06-21 16:39:49 - producer_sms - DEBUG - No pending messages found
2026-06-21 16:39:50 - producer_sms - DEBUG - No pending messages found
2026-06-21 16:39:51 - producer_sms - DEBUG - No pending messages found
2026-06-21 16:39:52 - producer_sms - DEBUG - No pending messages found
2026-06-21 16:39:53 - producer_sms - DEBUG - No pending messages found
2026-06-21 16:39:54 - producer_sms - DEBUG - No pending messages found
2026-06-21 16:39:55 - producer_sms - DEBUG - No pending messages found
2026-06-21 16:39:56 - producer_sms - DEBUG - No pending messages found
2026-06-21 16:39:57 - producer_sms - DEBUG - No pending messages found
2026-06-21 16:39:58 - producer_sms - DEBUG - No pending messages found
2026-06-21 16:39:59 - producer_sms - DEBUG - No pending messages found
2026-06-21 16:40:00 - producer_sms - DEBUG - No pending messages found
2026-06-21 16:40:01 - producer_sms - DEBUG - No pending messages found
2026-06-21 16:40:02 - producer_sms - DEBUG - No pending messages found
2026-06-21 16:40:03 - producer_sms - DEBUG - No pending messages found
2026-06-21 16:40:04 - producer_sms - DEBUG - No pending messages found
2026-06-21 16:40:05 - producer_sms - DEBUG - No pending messages found
2026-06-21 16:40:06 - producer_sms - DEBUG - No pending messages found
2026-06-21 16:40:07 - producer_sms - DEBUG - No pending messages found
2026-06-21 16:40:08 - producer_sms - DEBUG - No pending messages found
2026-06-21 16:40:09 - producer_sms - DEBUG - No pending messages found
2026-06-21 16:40:10 - producer_sms - DEBUG - No pending messages found
2026-06-21 16:40:11 - producer_sms - DEBUG - No pending messages found
2026-06-21 16:40:12 - producer_sms - DEBUG - No pending messages found
2026-06-21 16:40:13 - producer_sms - DEBUG - No pending messages found
2026-06-21 16:40:14 - producer_sms - DEBUG - No pending messages found
2026-06-21 16:40:15 - producer_sms - DEBUG - No pending messages found
2026-06-21 16:40:16 - producer_sms - DEBUG - No pending messages found
2026-06-21 16:40:17 - producer_sms - DEBUG - No pending messages found
2026-06-21 16:40:18 - producer_sms - DEBUG - No pending messages found
2026-06-21 16:40:19 - producer_sms - DEBUG - No pending messages found
2026-06-21 16:40:20 - producer_sms - DEBUG - No pending messages found
2026-06-21 16:40:21 - producer_sms - DEBUG - No pending messages found
2026-06-21 16:40:22 - producer_sms - DEBUG - No pending messages found
2026-06-21 16:40:23 - producer_sms - DEBUG - No pending messages found
2026-06-21 16:40:24 - producer_sms - DEBUG - No pending messages found
2026-06-21 16:40:25 - producer_sms - DEBUG - No pending messages found
2026-06-21 16:40:26 - producer_sms - DEBUG - No pending messages found
2026-06-21 16:40:27 - producer_sms - DEBUG - No pending messages found
2026-06-21 16:40:28 - producer_sms - DEBUG - No pending messages found
2026-06-21 16:40:29 - producer_sms - DEBUG - No pending messages found
2026-06-21 16:40:30 - producer_sms - DEBUG - No pending messages found
2026-06-21 16:40:31 - producer_sms - DEBUG - No pending messages found
2026-06-21 16:40:32 - producer_sms - DEBUG - No pending messages found
2026-06-21 16:40:33 - producer_sms - DEBUG - No pending messages found
2026-06-21 16:40:34 - producer_sms - DEBUG - No pending messages found
2026-06-21 16:40:35 - producer_sms - DEBUG - No pending messages found
2026-06-21 16:40:36 - producer_sms - DEBUG - No pending messages found
2026-06-21 16:40:37 - producer_sms - DEBUG - No pending messages found
2026-06-21 16:40:38 - producer_sms - DEBUG - No pending messages found
2026-06-21 16:40:39 - producer_sms - DEBUG - No pending messages found
2026-06-21 16:40:40 - producer_sms - DEBUG - No pending messages found
2026-06-21 16:40:41 - producer_sms - DEBUG - No pending messages found
2026-06-21 16:40:42 - producer_sms - DEBUG - No pending messages found
2026-06-21 16:40:43 - producer_sms - DEBUG - No pending messages found
2026-06-21 16:40:44 - producer_sms - DEBUG - No pending messages found
2026-06-21 16:40:45 - producer_sms - DEBUG - No pending messages found
2026-06-21 16:40:46 - producer_sms - DEBUG - No pending messages found
2026-06-21 16:40:47 - producer_sms - DEBUG - No pending messages found
2026-06-21 16:40:48 - producer_sms - DEBUG - No pending messages found
2026-06-21 16:40:49 - producer_sms - DEBUG - No pending messages found
2026-06-21 16:40:50 - producer_sms - DEBUG - No pending messages found
2026-06-21 16:40:51 - producer_sms - DEBUG - No pending messages found
2026-06-21 16:40:52 - producer_sms - DEBUG - No pending messages found
2026-06-21 16:40:53 - producer_sms - DEBUG - No pending messages found
2026-06-21 16:40:55 - producer_sms - DEBUG - No pending messages found
2026-06-21 16:40:56 - producer_sms - DEBUG - No pending messages found
2026-06-21 16:40:57 - producer_sms - DEBUG - No pending messages found
2026-06-21 16:40:58 - producer_sms - DEBUG - No pending messages found
2026-06-21 16:40:59 - producer_sms - DEBUG - No pending messages found
2026-06-21 16:41:00 - producer_sms - DEBUG - No pending messages found
2026-06-21 16:41:01 - producer_sms - DEBUG - No pending messages found
2026-06-21 16:41:02 - producer_sms - DEBUG - No pending messages found
2026-06-21 16:41:03 - producer_sms - DEBUG - No pending messages found
2026-06-21 16:41:04 - producer_sms - DEBUG - No pending messages found
2026-06-21 16:41:05 - producer_sms - DEBUG - No pending messages found
2026-06-21 16:41:06 - producer_sms - DEBUG - No pending messages found
2026-06-21 16:41:07 - producer_sms - DEBUG - No pending messages found
2026-06-21 16:41:08 - producer_sms - DEBUG - No pending messages found
2026-06-21 16:41:09 - producer_sms - DEBUG - No pending messages found
2026-06-21 16:41:10 - producer_sms - DEBUG - No pending messages found
2026-06-21 16:41:11 - producer_sms - DEBUG - No pending messages found
2026-06-21 16:41:12 - producer_sms - DEBUG - No pending messages found
2026-06-21 16:41:13 - producer_sms - DEBUG - No pending messages found
2026-06-21 16:41:14 - producer_sms - DEBUG - No pending messages found
2026-06-21 16:41:15 - producer_sms - DEBUG - No pending messages found
2026-06-21 16:41:16 - producer_sms - DEBUG - No pending messages found
2026-06-21 16:41:17 - producer_sms - DEBUG - No pending messages found
2026-06-21 16:41:18 - producer_sms - DEBUG - No pending messages found
2026-06-21 16:41:19 - producer_sms - DEBUG - No pending messages found
2026-06-21 16:41:20 - producer_sms - DEBUG - No pending messages found
2026-06-21 16:41:21 - producer_sms - DEBUG - No pending messages found
2026-06-21 16:41:22 - producer_sms - DEBUG - No pending messages found
2026-06-21 16:41:23 - producer_sms - DEBUG - No pending messages found
2026-06-21 16:41:24 - producer_sms - DEBUG - No pending messages found
2026-06-21 16:41:25 - producer_sms - DEBUG - No pending messages found
2026-06-21 16:41:26 - producer_sms - DEBUG - No pending messages found
2026-06-21 16:41:27 - producer_sms - DEBUG - No pending messages found
2026-06-21 16:41:28 - producer_sms - DEBUG - No pending messages found
2026-06-21 16:41:29 - producer_sms - DEBUG - No pending messages found
2026-06-21 16:41:30 - producer_sms - DEBUG - No pending messages found
2026-06-21 16:41:31 - producer_sms - DEBUG - No pending messages found
2026-06-21 16:41:32 - producer_sms - DEBUG - No pending messages found
2026-06-21 16:41:33 - producer_sms - DEBUG - No pending messages found
2026-06-21 16:41:34 - producer_sms - DEBUG - No pending messages found
2026-06-21 16:41:35 - producer_sms - DEBUG - No pending messages found
2026-06-21 16:41:36 - producer_sms - DEBUG - No pending messages found
2026-06-21 16:41:37 - producer_sms - DEBUG - No pending messages found
2026-06-21 16:41:38 - producer_sms - DEBUG - No pending messages found
2026-06-21 16:41:39 - producer_sms - DEBUG - No pending messages found
2026-06-21 16:41:40 - producer_sms - DEBUG - No pending messages found
2026-06-21 16:41:41 - producer_sms - DEBUG - No pending messages found
2026-06-21 16:41:42 - producer_sms - DEBUG - No pending messages found
2026-06-21 16:41:43 - producer_sms - DEBUG - No pending messages found
2026-06-21 16:41:44 - producer_sms - DEBUG - No pending messages found
2026-06-21 16:41:45 - producer_sms - DEBUG - No pending messages found
2026-06-21 16:41:46 - producer_sms - DEBUG - No pending messages found
2026-06-21 16:41:47 - producer_sms - DEBUG - No pending messages found
2026-06-21 16:41:48 - producer_sms - DEBUG - No pending messages found
2026-06-21 16:41:49 - producer_sms - DEBUG - No pending messages found
2026-06-21 16:41:50 - producer_sms - DEBUG - No pending messages found
2026-06-21 16:41:51 - producer_sms - DEBUG - No pending messages found
2026-06-21 16:41:52 - producer_sms - DEBUG - No pending messages found
2026-06-21 16:41:53 - producer_sms - DEBUG - No pending messages found
2026-06-21 16:41:54 - producer_sms - DEBUG - No pending messages found
2026-06-21 16:41:55 - producer_sms - DEBUG - No pending messages found
2026-06-21 16:41:56 - producer_sms - DEBUG - No pending messages found
2026-06-21 16:41:57 - producer_sms - DEBUG - No pending messages found
2026-06-21 16:41:58 - producer_sms - DEBUG - No pending messages found
2026-06-21 16:41:59 - producer_sms - DEBUG - No pending messages found
2026-06-21 16:42:00 - producer_sms - DEBUG - No pending messages found
2026-06-21 16:42:01 - producer_sms - DEBUG - No pending messages found
2026-06-21 16:42:02 - producer_sms - DEBUG - No pending messages found
2026-06-21 16:42:03 - producer_sms - DEBUG - No pending messages found
2026-06-21 16:42:04 - producer_sms - DEBUG - No pending messages found
2026-06-21 16:42:05 - producer_sms - DEBUG - No pending messages found
2026-06-21 16:42:06 - producer_sms - DEBUG - No pending messages found
2026-06-21 16:42:07 - producer_sms - DEBUG - No pending messages found
2026-06-21 16:42:08 - producer_sms - DEBUG - No pending messages found
2026-06-21 16:42:09 - producer_sms - DEBUG - No pending messages found
2026-06-21 16:42:10 - producer_sms - DEBUG - No pending messages found
2026-06-21 16:42:11 - producer_sms - DEBUG - No pending messages found
2026-06-21 16:42:12 - producer_sms - DEBUG - No pending messages found
2026-06-21 16:42:13 - producer_sms - DEBUG - No pending messages found
2026-06-21 16:42:14 - producer_sms - DEBUG - No pending messages found
2026-06-21 16:42:15 - producer_sms - DEBUG - No pending messages found
2026-06-21 16:42:16 - producer_sms - DEBUG - No pending messages found
2026-06-21 16:42:17 - producer_sms - DEBUG - No pending messages found
2026-06-21 16:42:18 - producer_sms - DEBUG - No pending messages found
2026-06-21 16:42:19 - producer_sms - DEBUG - No pending messages found
2026-06-21 16:42:20 - producer_sms - DEBUG - No pending messages found
2026-06-21 16:42:21 - producer_sms - DEBUG - No pending messages found
2026-06-21 16:42:22 - producer_sms - DEBUG - No pending messages found
2026-06-21 16:42:23 - producer_sms - DEBUG - No pending messages found
2026-06-21 16:42:24 - producer_sms - DEBUG - No pending messages found
2026-06-21 16:42:25 - producer_sms - DEBUG - No pending messages found
2026-06-21 16:42:26 - producer_sms - DEBUG - No pending messages found
2026-06-21 16:42:27 - producer_sms - DEBUG - No pending messages found
2026-06-21 16:42:28 - producer_sms - DEBUG - No pending messages found
2026-06-21 16:42:29 - producer_sms - DEBUG - No pending messages found
2026-06-21 16:42:30 - producer_sms - DEBUG - No pending messages found
2026-06-21 16:42:31 - producer_sms - DEBUG - No pending messages found
2026-06-21 16:42:32 - producer_sms - DEBUG - No pending messages found
2026-06-21 16:42:33 - producer_sms - DEBUG - No pending messages found
2026-06-21 16:42:34 - producer_sms - DEBUG - No pending messages found
2026-06-21 16:42:35 - producer_sms - DEBUG - No pending messages found
2026-06-21 16:42:36 - producer_sms - DEBUG - No pending messages found
2026-06-21 16:42:37 - producer_sms - DEBUG - No pending messages found
2026-06-21 16:42:38 - producer_sms - DEBUG - No pending messages found
2026-06-21 16:42:39 - producer_sms - DEBUG - No pending messages found
2026-06-21 16:42:40 - producer_sms - DEBUG - No pending messages found
2026-06-21 16:42:41 - producer_sms - DEBUG - No pending messages found
2026-06-21 16:42:42 - producer_sms - DEBUG - No pending messages found
2026-06-21 16:42:43 - producer_sms - DEBUG - No pending messages found
2026-06-21 16:42:44 - producer_sms - DEBUG - No pending messages found
2026-06-21 16:42:45 - producer_sms - DEBUG - No pending messages found
2026-06-21 16:42:46 - producer_sms - DEBUG - No pending messages found
2026-06-21 16:42:47 - producer_sms - DEBUG - No pending messages found
2026-06-21 16:42:48 - producer_sms - DEBUG - No pending messages found
2026-06-21 16:42:49 - producer_sms - DEBUG - No pending messages found
2026-06-21 16:42:50 - producer_sms - DEBUG - No pending messages found
2026-06-21 16:42:51 - producer_sms - DEBUG - No pending messages found
2026-06-21 16:42:52 - producer_sms - DEBUG - No pending messages found
2026-06-21 16:42:53 - producer_sms - DEBUG - No pending messages found
2026-06-21 16:42:54 - producer_sms - DEBUG - No pending messages found
2026-06-21 16:42:55 - producer_sms - DEBUG - No pending messages found
2026-06-21 16:42:56 - producer_sms - DEBUG - No pending messages found
2026-06-21 16:42:57 - producer_sms - DEBUG - No pending messages found
2026-06-21 16:42:58 - producer_sms - DEBUG - No pending messages found
2026-06-21 16:42:59 - producer_sms - DEBUG - No pending messages found
2026-06-21 16:43:00 - producer_sms - DEBUG - No pending messages found
2026-06-21 16:43:02 - producer_sms - DEBUG - No pending messages found
2026-06-21 16:43:03 - producer_sms - DEBUG - No pending messages found
2026-06-21 16:43:04 - producer_sms - DEBUG - No pending messages found
2026-06-21 16:43:05 - producer_sms - DEBUG - No pending messages found
2026-06-21 16:43:06 - producer_sms - DEBUG - No pending messages found
2026-06-21 16:43:07 - producer_sms - DEBUG - No pending messages found
2026-06-21 16:43:08 - producer_sms - DEBUG - No pending messages found
2026-06-21 16:43:09 - producer_sms - DEBUG - No pending messages found
2026-06-21 16:43:10 - producer_sms - DEBUG - No pending messages found
2026-06-21 16:43:11 - producer_sms - DEBUG - No pending messages found
2026-06-21 16:43:12 - producer_sms - DEBUG - No pending messages found
2026-06-21 16:43:13 - producer_sms - DEBUG - No pending messages found
2026-06-21 16:43:14 - producer_sms - DEBUG - No pending messages found
2026-06-21 16:43:15 - producer_sms - DEBUG - No pending messages found
2026-06-21 16:43:16 - producer_sms - DEBUG - No pending messages found
2026-06-21 16:43:17 - producer_sms - DEBUG - No pending messages found
2026-06-21 16:43:18 - producer_sms - DEBUG - No pending messages found
2026-06-21 16:43:19 - producer_sms - DEBUG - No pending messages found
2026-06-21 16:43:20 - producer_sms - DEBUG - No pending messages found
2026-06-21 16:43:21 - producer_sms - DEBUG - No pending messages found
2026-06-21 16:43:22 - producer_sms - DEBUG - No pending messages found
2026-06-21 16:43:23 - producer_sms - DEBUG - No pending messages found
2026-06-21 16:43:24 - producer_sms - DEBUG - No pending messages found
2026-06-21 16:43:25 - producer_sms - DEBUG - No pending messages found
2026-06-21 16:43:26 - producer_sms - DEBUG - No pending messages found
2026-06-21 16:43:27 - producer_sms - DEBUG - No pending messages found
2026-06-21 16:43:28 - producer_sms - DEBUG - No pending messages found
2026-06-21 16:43:29 - producer_sms - DEBUG - No pending messages found
2026-06-21 16:43:30 - producer_sms - DEBUG - No pending messages found
2026-06-21 16:43:31 - producer_sms - DEBUG - No pending messages found
2026-06-21 16:43:32 - producer_sms - DEBUG - No pending messages found
2026-06-21 16:43:33 - producer_sms - DEBUG - No pending messages found
2026-06-21 16:43:34 - producer_sms - DEBUG - No pending messages found
2026-06-21 16:43:35 - producer_sms - DEBUG - No pending messages found
2026-06-21 16:43:36 - producer_sms - DEBUG - No pending messages found
2026-06-21 16:43:37 - producer_sms - DEBUG - No pending messages found
2026-06-21 16:43:38 - producer_sms - DEBUG - No pending messages found
2026-06-21 16:43:39 - producer_sms - DEBUG - No pending messages found
2026-06-21 16:43:40 - producer_sms - DEBUG - No pending messages found
2026-06-21 16:43:41 - producer_sms - DEBUG - No pending messages found
2026-06-21 16:43:42 - producer_sms - DEBUG - No pending messages found
2026-06-21 16:43:43 - producer_sms - DEBUG - No pending messages found
2026-06-21 16:43:44 - producer_sms - DEBUG - No pending messages found
2026-06-21 16:43:45 - producer_sms - DEBUG - No pending messages found
2026-06-21 16:43:46 - producer_sms - DEBUG - No pending messages found
2026-06-21 16:43:47 - producer_sms - DEBUG - No pending messages found
2026-06-21 16:43:48 - producer_sms - DEBUG - No pending messages found
2026-06-21 16:43:49 - producer_sms - DEBUG - No pending messages found
2026-06-21 16:43:50 - producer_sms - DEBUG - No pending messages found
2026-06-21 16:43:51 - producer_sms - DEBUG - No pending messages found
2026-06-21 16:43:52 - producer_sms - DEBUG - No pending messages found
2026-06-21 16:43:53 - producer_sms - DEBUG - No pending messages found
2026-06-21 16:43:54 - producer_sms - DEBUG - No pending messages found
2026-06-21 16:43:55 - producer_sms - DEBUG - No pending messages found
2026-06-21 16:43:56 - producer_sms - DEBUG - No pending messages found
2026-06-21 16:43:57 - producer_sms - DEBUG - No pending messages found
2026-06-21 16:43:58 - producer_sms - DEBUG - No pending messages found
2026-06-21 16:43:59 - producer_sms - DEBUG - No pending messages found
2026-06-21 16:44:00 - producer_sms - DEBUG - No pending messages found
2026-06-21 16:44:01 - producer_sms - DEBUG - No pending messages found
2026-06-21 16:44:02 - producer_sms - DEBUG - No pending messages found
2026-06-21 16:44:03 - producer_sms - DEBUG - No pending messages found
2026-06-21 16:44:04 - producer_sms - DEBUG - No pending messages found
2026-06-21 16:44:05 - producer_sms - DEBUG - No pending messages found
2026-06-21 16:44:06 - producer_sms - DEBUG - No pending messages found
2026-06-21 16:44:07 - producer_sms - DEBUG - No pending messages found
2026-06-21 16:44:08 - producer_sms - DEBUG - No pending messages found
2026-06-21 16:44:09 - producer_sms - DEBUG - No pending messages found
2026-06-21 16:44:10 - producer_sms - DEBUG - No pending messages found
2026-06-21 16:44:11 - producer_sms - DEBUG - No pending messages found
2026-06-21 16:44:12 - producer_sms - DEBUG - No pending messages found
2026-06-21 16:44:13 - producer_sms - DEBUG - No pending messages found
2026-06-21 16:44:14 - producer_sms - DEBUG - No pending messages found
2026-06-21 16:44:15 - producer_sms - DEBUG - No pending messages found
2026-06-21 16:44:16 - producer_sms - DEBUG - No pending messages found
2026-06-21 16:44:17 - producer_sms - DEBUG - No pending messages found
2026-06-21 16:44:18 - producer_sms - DEBUG - No pending messages found
2026-06-21 16:44:19 - producer_sms - DEBUG - No pending messages found
2026-06-21 16:44:20 - producer_sms - DEBUG - No pending messages found
2026-06-21 16:44:21 - producer_sms - DEBUG - No pending messages found
2026-06-21 16:44:22 - producer_sms - DEBUG - No pending messages found
2026-06-21 16:44:23 - producer_sms - DEBUG - No pending messages found
2026-06-21 16:44:24 - producer_sms - DEBUG - No pending messages found
2026-06-21 16:44:25 - producer_sms - DEBUG - No pending messages found
2026-06-21 16:44:26 - producer_sms - DEBUG - No pending messages found
2026-06-21 16:44:27 - producer_sms - DEBUG - No pending messages found
2026-06-21 16:44:28 - producer_sms - DEBUG - No pending messages found
2026-06-21 16:44:29 - producer_sms - DEBUG - No pending messages found
2026-06-21 16:44:30 - producer_sms - DEBUG - No pending messages found
2026-06-21 16:44:31 - producer_sms - DEBUG - No pending messages found
2026-06-21 16:44:32 - producer_sms - DEBUG - No pending messages found
2026-06-21 16:44:33 - producer_sms - DEBUG - No pending messages found
2026-06-21 16:44:34 - producer_sms - DEBUG - No pending messages found
2026-06-21 16:44:35 - producer_sms - DEBUG - No pending messages found
2026-06-21 16:44:36 - producer_sms - DEBUG - No pending messages found
2026-06-21 16:44:37 - producer_sms - DEBUG - No pending messages found
2026-06-21 16:44:38 - producer_sms - DEBUG - No pending messages found
2026-06-21 16:44:39 - producer_sms - DEBUG - No pending messages found
2026-06-21 16:44:40 - producer_sms - DEBUG - No pending messages found
2026-06-21 16:44:41 - producer_sms - DEBUG - No pending messages found
2026-06-21 16:44:42 - producer_sms - DEBUG - No pending messages found
2026-06-21 16:44:43 - producer_sms - DEBUG - No pending messages found
2026-06-21 16:44:44 - producer_sms - DEBUG - No pending messages found
2026-06-21 16:44:45 - producer_sms - DEBUG - No pending messages found
2026-06-21 16:44:46 - producer_sms - DEBUG - No pending messages found
2026-06-21 16:44:47 - producer_sms - DEBUG - No pending messages found
2026-06-21 16:44:48 - producer_sms - DEBUG - No pending messages found
2026-06-21 16:44:49 - producer_sms - DEBUG - No pending messages found
2026-06-21 16:44:50 - producer_sms - DEBUG - No pending messages found
2026-06-21 16:44:51 - producer_sms - DEBUG - No pending messages found
2026-06-21 16:44:52 - producer_sms - DEBUG - No pending messages found
2026-06-21 16:44:53 - producer_sms - DEBUG - No pending messages found
2026-06-21 16:44:54 - producer_sms - DEBUG - No pending messages found
2026-06-21 16:44:55 - producer_sms - DEBUG - No pending messages found
2026-06-21 16:44:56 - producer_sms - DEBUG - No pending messages found
2026-06-21 16:44:57 - producer_sms - DEBUG - No pending messages found
2026-06-21 16:44:58 - producer_sms - DEBUG - No pending messages found
2026-06-21 16:44:59 - producer_sms - DEBUG - No pending messages found
2026-06-21 16:45:00 - producer_sms - DEBUG - No pending messages found
2026-06-21 16:45:01 - producer_sms - DEBUG - No pending messages found
2026-06-21 16:45:02 - producer_sms - DEBUG - No pending messages found
2026-06-21 16:45:03 - producer_sms - DEBUG - No pending messages found
2026-06-21 16:45:04 - producer_sms - DEBUG - No pending messages found
2026-06-21 16:45:05 - producer_sms - DEBUG - No pending messages found
2026-06-21 16:45:06 - producer_sms - DEBUG - No pending messages found
2026-06-21 16:45:07 - producer_sms - DEBUG - No pending messages found
2026-06-21 16:45:09 - producer_sms - DEBUG - No pending messages found
2026-06-21 16:45:10 - producer_sms - DEBUG - No pending messages found
2026-06-21 16:45:11 - producer_sms - DEBUG - No pending messages found
2026-06-21 16:45:12 - producer_sms - DEBUG - No pending messages found
2026-06-21 16:45:13 - producer_sms - DEBUG - No pending messages found
2026-06-21 16:45:14 - producer_sms - DEBUG - No pending messages found
2026-06-21 16:45:15 - producer_sms - DEBUG - No pending messages found
2026-06-21 16:45:16 - producer_sms - DEBUG - No pending messages found
2026-06-21 16:45:17 - producer_sms - DEBUG - No pending messages found
2026-06-21 16:45:18 - producer_sms - DEBUG - No pending messages found
2026-06-21 16:45:19 - producer_sms - DEBUG - No pending messages found
2026-06-21 16:45:20 - producer_sms - DEBUG - No pending messages found
2026-06-21 16:45:21 - producer_sms - DEBUG - No pending messages found
2026-06-21 16:45:22 - producer_sms - DEBUG - No pending messages found
2026-06-21 16:45:23 - producer_sms - DEBUG - No pending messages found
2026-06-21 16:45:24 - producer_sms - DEBUG - No pending messages found
2026-06-21 16:45:25 - producer_sms - DEBUG - No pending messages found
2026-06-21 16:45:26 - producer_sms - DEBUG - No pending messages found
2026-06-21 16:45:27 - producer_sms - DEBUG - No pending messages found
2026-06-21 16:45:28 - producer_sms - DEBUG - No pending messages found
2026-06-21 16:45:29 - producer_sms - DEBUG - No pending messages found
2026-06-21 16:45:30 - producer_sms - DEBUG - No pending messages found
2026-06-21 16:45:31 - producer_sms - DEBUG - No pending messages found
2026-06-21 16:45:32 - producer_sms - DEBUG - No pending messages found
2026-06-21 16:45:33 - producer_sms - DEBUG - No pending messages found
2026-06-21 16:45:34 - producer_sms - DEBUG - No pending messages found
2026-06-21 16:45:35 - producer_sms - DEBUG - No pending messages found
2026-06-21 16:45:36 - producer_sms - DEBUG - No pending messages found
2026-06-21 16:45:37 - producer_sms - DEBUG - No pending messages found
2026-06-21 16:45:38 - producer_sms - DEBUG - No pending messages found
2026-06-21 16:45:39 - producer_sms - DEBUG - No pending messages found
2026-06-21 16:45:40 - producer_sms - DEBUG - No pending messages found
2026-06-21 16:45:41 - producer_sms - DEBUG - No pending messages found
2026-06-21 16:45:42 - producer_sms - DEBUG - No pending messages found
2026-06-21 16:45:43 - producer_sms - DEBUG - No pending messages found
2026-06-21 16:45:44 - producer_sms - DEBUG - No pending messages found
2026-06-21 16:45:45 - producer_sms - DEBUG - No pending messages found
2026-06-21 16:45:46 - producer_sms - DEBUG - No pending messages found
2026-06-21 16:45:47 - producer_sms - DEBUG - No pending messages found
2026-06-21 16:45:48 - producer_sms - DEBUG - No pending messages found
2026-06-21 16:45:49 - producer_sms - DEBUG - No pending messages found
2026-06-21 16:45:50 - producer_sms - DEBUG - No pending messages found
2026-06-21 16:45:51 - producer_sms - DEBUG - No pending messages found
2026-06-21 16:45:52 - producer_sms - DEBUG - No pending messages found
2026-06-21 16:45:53 - producer_sms - DEBUG - No pending messages found
2026-06-21 16:45:54 - producer_sms - DEBUG - No pending messages found
2026-06-21 16:45:55 - producer_sms - DEBUG - No pending messages found
2026-06-21 16:45:56 - producer_sms - DEBUG - No pending messages found
2026-06-21 16:45:57 - producer_sms - DEBUG - No pending messages found
2026-06-21 16:45:58 - producer_sms - DEBUG - No pending messages found
2026-06-21 16:45:59 - producer_sms - DEBUG - No pending messages found
2026-06-21 16:46:00 - producer_sms - DEBUG - No pending messages found
2026-06-21 16:46:01 - producer_sms - DEBUG - No pending messages found
2026-06-21 16:46:02 - producer_sms - DEBUG - No pending messages found
2026-06-21 16:46:03 - producer_sms - DEBUG - No pending messages found
2026-06-21 16:46:04 - producer_sms - DEBUG - No pending messages found
2026-06-21 16:46:05 - producer_sms - DEBUG - No pending messages found
2026-06-21 16:46:06 - producer_sms - DEBUG - No pending messages found
2026-06-21 16:46:07 - producer_sms - DEBUG - No pending messages found
2026-06-21 16:46:08 - producer_sms - DEBUG - No pending messages found
2026-06-21 16:46:09 - producer_sms - DEBUG - No pending messages found
2026-06-21 16:46:10 - producer_sms - DEBUG - No pending messages found
2026-06-21 16:46:11 - producer_sms - DEBUG - No pending messages found
2026-06-21 16:46:12 - producer_sms - DEBUG - No pending messages found
2026-06-21 16:46:13 - producer_sms - DEBUG - No pending messages found
2026-06-21 16:46:14 - producer_sms - DEBUG - No pending messages found
2026-06-21 16:46:15 - producer_sms - DEBUG - No pending messages found
2026-06-21 16:46:16 - producer_sms - DEBUG - No pending messages found
2026-06-21 16:46:17 - producer_sms - DEBUG - No pending messages found
2026-06-21 16:46:18 - producer_sms - DEBUG - No pending messages found
2026-06-21 16:46:19 - producer_sms - DEBUG - No pending messages found
2026-06-21 16:46:20 - producer_sms - DEBUG - No pending messages found
2026-06-21 16:46:21 - producer_sms - DEBUG - No pending messages found
2026-06-21 16:46:22 - producer_sms - DEBUG - No pending messages found
2026-06-21 16:46:23 - producer_sms - DEBUG - No pending messages found
2026-06-21 16:46:24 - producer_sms - DEBUG - No pending messages found
2026-06-21 16:46:25 - producer_sms - DEBUG - No pending messages found
2026-06-21 16:46:26 - producer_sms - DEBUG - No pending messages found
2026-06-21 16:46:27 - producer_sms - DEBUG - No pending messages found
2026-06-21 16:46:28 - producer_sms - DEBUG - No pending messages found
2026-06-21 16:46:29 - producer_sms - DEBUG - No pending messages found
2026-06-21 16:46:30 - producer_sms - DEBUG - No pending messages found
2026-06-21 16:46:31 - producer_sms - DEBUG - No pending messages found
2026-06-21 16:46:32 - producer_sms - DEBUG - No pending messages found
2026-06-21 16:46:33 - producer_sms - DEBUG - No pending messages found
2026-06-21 16:46:34 - producer_sms - DEBUG - No pending messages found
2026-06-21 16:46:35 - producer_sms - DEBUG - No pending messages found
2026-06-21 16:46:36 - producer_sms - DEBUG - No pending messages found
2026-06-21 16:46:37 - producer_sms - DEBUG - No pending messages found
2026-06-21 16:46:38 - producer_sms - DEBUG - No pending messages found
2026-06-21 16:46:39 - producer_sms - DEBUG - No pending messages found
2026-06-21 16:46:40 - producer_sms - DEBUG - No pending messages found
2026-06-21 16:46:41 - producer_sms - DEBUG - No pending messages found
2026-06-21 16:46:42 - producer_sms - DEBUG - No pending messages found
2026-06-21 16:46:43 - producer_sms - DEBUG - No pending messages found
2026-06-21 16:46:44 - producer_sms - DEBUG - No pending messages found
2026-06-21 16:46:45 - producer_sms - DEBUG - No pending messages found
2026-06-21 16:46:46 - producer_sms - DEBUG - No pending messages found
2026-06-21 16:46:47 - producer_sms - DEBUG - No pending messages found
2026-06-21 16:46:48 - producer_sms - DEBUG - No pending messages found
2026-06-21 16:46:49 - producer_sms - DEBUG - No pending messages found
2026-06-21 16:46:50 - producer_sms - DEBUG - No pending messages found
2026-06-21 16:46:51 - producer_sms - DEBUG - No pending messages found
2026-06-21 16:46:52 - producer_sms - DEBUG - No pending messages found
2026-06-21 16:46:53 - producer_sms - DEBUG - No pending messages found
2026-06-21 16:46:54 - producer_sms - DEBUG - No pending messages found
2026-06-21 16:46:55 - producer_sms - DEBUG - No pending messages found
2026-06-21 16:46:56 - producer_sms - DEBUG - No pending messages found
2026-06-21 16:46:57 - producer_sms - DEBUG - No pending messages found
2026-06-21 16:46:58 - producer_sms - DEBUG - No pending messages found
2026-06-21 16:46:59 - producer_sms - DEBUG - No pending messages found
2026-06-21 16:47:00 - producer_sms - DEBUG - No pending messages found
2026-06-21 16:47:02 - producer_sms - DEBUG - No pending messages found
2026-06-21 16:47:03 - producer_sms - DEBUG - No pending messages found
2026-06-21 16:47:04 - producer_sms - DEBUG - No pending messages found
2026-06-21 16:47:05 - producer_sms - DEBUG - No pending messages found
2026-06-21 16:47:06 - producer_sms - DEBUG - No pending messages found
2026-06-21 16:47:07 - producer_sms - DEBUG - No pending messages found
2026-06-21 16:47:08 - producer_sms - DEBUG - No pending messages found
2026-06-21 16:47:09 - producer_sms - DEBUG - No pending messages found
2026-06-21 16:47:10 - producer_sms - DEBUG - No pending messages found
2026-06-21 16:47:11 - producer_sms - DEBUG - No pending messages found
2026-06-21 16:47:12 - producer_sms - DEBUG - No pending messages found
2026-06-21 16:47:13 - producer_sms - DEBUG - No pending messages found
2026-06-21 16:47:14 - producer_sms - DEBUG - No pending messages found
2026-06-21 16:47:15 - producer_sms - DEBUG - No pending messages found
2026-06-21 16:47:16 - producer_sms - DEBUG - No pending messages found
2026-06-21 16:47:17 - producer_sms - DEBUG - No pending messages found
2026-06-21 16:47:18 - producer_sms - DEBUG - No pending messages found
2026-06-21 16:47:19 - producer_sms - DEBUG - No pending messages found
2026-06-21 16:47:20 - producer_sms - DEBUG - No pending messages found
2026-06-21 16:47:21 - producer_sms - DEBUG - No pending messages found
2026-06-21 16:47:22 - producer_sms - DEBUG - No pending messages found
2026-06-21 16:47:23 - producer_sms - DEBUG - No pending messages found
2026-06-21 16:47:24 - producer_sms - DEBUG - No pending messages found
2026-06-21 16:47:25 - producer_sms - DEBUG - No pending messages found
2026-06-21 16:47:26 - producer_sms - DEBUG - No pending messages found
2026-06-21 16:47:27 - producer_sms - DEBUG - No pending messages found
2026-06-21 16:47:28 - producer_sms - DEBUG - No pending messages found
2026-06-21 16:47:29 - producer_sms - DEBUG - No pending messages found
2026-06-21 16:47:30 - producer_sms - DEBUG - No pending messages found
2026-06-21 16:47:31 - producer_sms - DEBUG - No pending messages found
2026-06-21 16:47:32 - producer_sms - DEBUG - No pending messages found
2026-06-21 16:47:33 - producer_sms - DEBUG - No pending messages found
2026-06-21 16:47:34 - producer_sms - DEBUG - No pending messages found
2026-06-21 16:47:35 - producer_sms - DEBUG - No pending messages found
2026-06-21 16:47:36 - producer_sms - DEBUG - No pending messages found
2026-06-21 16:47:37 - producer_sms - DEBUG - No pending messages found
2026-06-21 16:47:38 - producer_sms - DEBUG - No pending messages found
2026-06-21 16:47:39 - producer_sms - DEBUG - No pending messages found
2026-06-21 16:47:40 - producer_sms - DEBUG - No pending messages found
2026-06-21 16:47:41 - producer_sms - DEBUG - No pending messages found
2026-06-21 16:47:42 - producer_sms - DEBUG - No pending messages found
2026-06-21 16:47:43 - producer_sms - DEBUG - No pending messages found
2026-06-21 16:47:44 - producer_sms - DEBUG - No pending messages found
2026-06-21 16:47:45 - producer_sms - DEBUG - No pending messages found
2026-06-21 16:47:46 - producer_sms - DEBUG - No pending messages found
2026-06-21 16:47:47 - producer_sms - DEBUG - No pending messages found
2026-06-21 16:47:48 - producer_sms - DEBUG - No pending messages found
2026-06-21 16:47:49 - producer_sms - DEBUG - No pending messages found
2026-06-21 16:47:50 - producer_sms - DEBUG - No pending messages found
2026-06-21 16:47:51 - producer_sms - DEBUG - No pending messages found
2026-06-21 16:47:52 - producer_sms - DEBUG - No pending messages found
2026-06-21 16:47:53 - producer_sms - DEBUG - No pending messages found
2026-06-21 16:47:54 - producer_sms - DEBUG - No pending messages found
2026-06-21 16:47:55 - producer_sms - DEBUG - No pending messages found
2026-06-21 16:47:56 - producer_sms - DEBUG - No pending messages found
2026-06-21 16:47:57 - producer_sms - DEBUG - No pending messages found
2026-06-21 16:47:58 - producer_sms - DEBUG - No pending messages found
2026-06-21 16:47:59 - producer_sms - DEBUG - No pending messages found
2026-06-21 16:48:00 - producer_sms - DEBUG - No pending messages found
2026-06-21 16:48:01 - producer_sms - DEBUG - No pending messages found
2026-06-21 16:48:02 - producer_sms - DEBUG - No pending messages found
2026-06-21 16:48:03 - producer_sms - DEBUG - No pending messages found
2026-06-21 16:48:04 - producer_sms - DEBUG - No pending messages found
2026-06-21 16:48:05 - producer_sms - DEBUG - No pending messages found
2026-06-21 16:48:06 - producer_sms - DEBUG - No pending messages found
2026-06-21 16:48:07 - producer_sms - DEBUG - No pending messages found
2026-06-21 16:48:08 - producer_sms - DEBUG - No pending messages found
2026-06-21 16:48:09 - producer_sms - DEBUG - No pending messages found
2026-06-21 16:48:10 - producer_sms - DEBUG - No pending messages found
2026-06-21 16:48:11 - producer_sms - DEBUG - No pending messages found
2026-06-21 16:48:12 - producer_sms - DEBUG - No pending messages found
2026-06-21 16:48:13 - producer_sms - DEBUG - No pending messages found
2026-06-21 16:48:14 - producer_sms - DEBUG - No pending messages found
2026-06-21 16:48:15 - producer_sms - DEBUG - No pending messages found
2026-06-21 16:48:16 - producer_sms - DEBUG - No pending messages found
2026-06-21 16:48:17 - producer_sms - DEBUG - No pending messages found
2026-06-21 16:48:18 - producer_sms - DEBUG - No pending messages found
2026-06-21 16:48:19 - producer_sms - DEBUG - No pending messages found
2026-06-21 16:48:20 - producer_sms - DEBUG - No pending messages found
2026-06-21 16:48:21 - producer_sms - DEBUG - No pending messages found
2026-06-21 16:48:22 - producer_sms - DEBUG - No pending messages found
2026-06-21 16:48:23 - producer_sms - DEBUG - No pending messages found
2026-06-21 16:48:24 - producer_sms - DEBUG - No pending messages found
2026-06-21 16:48:25 - producer_sms - DEBUG - No pending messages found
2026-06-21 16:48:26 - producer_sms - DEBUG - No pending messages found
2026-06-21 16:48:27 - producer_sms - DEBUG - No pending messages found
2026-06-21 16:48:28 - producer_sms - DEBUG - No pending messages found
2026-06-21 16:48:29 - producer_sms - DEBUG - No pending messages found
2026-06-21 16:48:30 - producer_sms - DEBUG - No pending messages found
2026-06-21 16:48:31 - producer_sms - DEBUG - No pending messages found
2026-06-21 16:48:32 - producer_sms - DEBUG - No pending messages found
2026-06-21 16:48:33 - producer_sms - DEBUG - No pending messages found
2026-06-21 16:48:34 - producer_sms - DEBUG - No pending messages found
2026-06-21 16:48:35 - producer_sms - DEBUG - No pending messages found
2026-06-21 16:48:36 - producer_sms - DEBUG - No pending messages found
2026-06-21 16:48:37 - producer_sms - DEBUG - No pending messages found
2026-06-21 16:48:38 - producer_sms - DEBUG - No pending messages found
2026-06-21 16:48:39 - producer_sms - DEBUG - No pending messages found
2026-06-21 16:48:40 - producer_sms - DEBUG - No pending messages found
2026-06-21 16:48:41 - producer_sms - DEBUG - No pending messages found
2026-06-21 16:48:42 - producer_sms - DEBUG - No pending messages found
2026-06-21 16:48:43 - producer_sms - DEBUG - No pending messages found
2026-06-21 16:48:44 - producer_sms - DEBUG - No pending messages found
2026-06-21 16:48:45 - producer_sms - DEBUG - No pending messages found
2026-06-21 16:48:46 - producer_sms - DEBUG - No pending messages found
2026-06-21 16:48:47 - producer_sms - DEBUG - No pending messages found
2026-06-21 16:48:48 - producer_sms - DEBUG - No pending messages found
2026-06-21 16:48:49 - producer_sms - DEBUG - No pending messages found
2026-06-21 16:48:50 - producer_sms - DEBUG - No pending messages found
2026-06-21 16:48:51 - producer_sms - DEBUG - No pending messages found
2026-06-21 16:48:52 - producer_sms - DEBUG - No pending messages found
2026-06-21 16:48:53 - producer_sms - DEBUG - No pending messages found
2026-06-21 16:48:54 - producer_sms - DEBUG - No pending messages found
2026-06-21 16:48:55 - producer_sms - DEBUG - No pending messages found
2026-06-21 16:48:56 - producer_sms - DEBUG - No pending messages found
2026-06-21 16:48:57 - producer_sms - DEBUG - No pending messages found
2026-06-21 16:48:58 - producer_sms - DEBUG - No pending messages found
2026-06-21 16:48:59 - producer_sms - DEBUG - No pending messages found
2026-06-21 16:49:00 - producer_sms - DEBUG - No pending messages found
2026-06-21 16:49:01 - producer_sms - DEBUG - No pending messages found
2026-06-21 16:49:02 - producer_sms - DEBUG - No pending messages found
2026-06-21 16:49:03 - producer_sms - DEBUG - No pending messages found
2026-06-21 16:49:04 - producer_sms - DEBUG - No pending messages found
2026-06-21 16:49:05 - producer_sms - DEBUG - No pending messages found
2026-06-21 16:49:06 - producer_sms - DEBUG - No pending messages found
2026-06-21 16:49:07 - producer_sms - DEBUG - No pending messages found
2026-06-21 16:49:08 - producer_sms - DEBUG - No pending messages found
2026-06-21 16:49:09 - producer_sms - DEBUG - No pending messages found
2026-06-21 16:49:10 - producer_sms - DEBUG - No pending messages found
2026-06-21 16:49:11 - producer_sms - DEBUG - No pending messages found
2026-06-21 16:49:12 - producer_sms - DEBUG - No pending messages found
2026-06-21 16:49:13 - producer_sms - DEBUG - No pending messages found
2026-06-21 16:49:14 - producer_sms - DEBUG - No pending messages found
2026-06-21 16:49:15 - producer_sms - DEBUG - No pending messages found
2026-06-21 16:49:16 - producer_sms - DEBUG - No pending messages found
2026-06-21 16:49:17 - producer_sms - DEBUG - No pending messages found
2026-06-21 16:49:18 - producer_sms - DEBUG - No pending messages found
2026-06-21 16:49:19 - producer_sms - DEBUG - No pending messages found
2026-06-21 16:49:20 - producer_sms - DEBUG - No pending messages found
2026-06-21 16:49:21 - producer_sms - DEBUG - No pending messages found
2026-06-21 16:49:22 - producer_sms - DEBUG - No pending messages found
2026-06-21 16:49:23 - producer_sms - DEBUG - No pending messages found
2026-06-21 16:49:24 - producer_sms - DEBUG - No pending messages found
2026-06-21 16:49:25 - producer_sms - DEBUG - No pending messages found
2026-06-21 16:49:26 - producer_sms - DEBUG - No pending messages found
2026-06-21 16:49:27 - producer_sms - DEBUG - No pending messages found
2026-06-21 16:49:28 - producer_sms - DEBUG - No pending messages found
2026-06-21 16:49:29 - producer_sms - DEBUG - No pending messages found
2026-06-21 16:49:30 - producer_sms - DEBUG - No pending messages found
2026-06-21 16:49:31 - producer_sms - DEBUG - No pending messages found
2026-06-21 16:49:32 - producer_sms - DEBUG - No pending messages found
2026-06-21 16:49:33 - producer_sms - DEBUG - No pending messages found
2026-06-21 16:49:34 - producer_sms - DEBUG - No pending messages found
2026-06-21 16:49:35 - producer_sms - DEBUG - No pending messages found
2026-06-21 16:49:36 - producer_sms - DEBUG - No pending messages found
2026-06-21 16:49:37 - producer_sms - DEBUG - No pending messages found
2026-06-21 16:49:38 - producer_sms - DEBUG - No pending messages found
2026-06-21 16:49:39 - producer_sms - DEBUG - No pending messages found
2026-06-21 16:49:40 - producer_sms - DEBUG - No pending messages found
2026-06-21 16:49:41 - producer_sms - DEBUG - No pending messages found
2026-06-21 16:49:42 - producer_sms - DEBUG - No pending messages found
2026-06-21 16:49:43 - producer_sms - DEBUG - No pending messages found
2026-06-21 16:49:44 - producer_sms - DEBUG - No pending messages found
2026-06-21 16:49:45 - producer_sms - DEBUG - No pending messages found
2026-06-21 16:49:46 - producer_sms - DEBUG - No pending messages found
2026-06-21 16:49:47 - producer_sms - DEBUG - No pending messages found
2026-06-21 16:49:48 - producer_sms - DEBUG - No pending messages found
2026-06-21 16:49:49 - producer_sms - DEBUG - No pending messages found
2026-06-21 16:49:50 - producer_sms - DEBUG - No pending messages found
2026-06-21 16:49:51 - producer_sms - DEBUG - No pending messages found
2026-06-21 16:49:53 - producer_sms - DEBUG - No pending messages found
2026-06-21 16:49:54 - producer_sms - DEBUG - No pending messages found
2026-06-21 16:49:55 - producer_sms - DEBUG - No pending messages found
2026-06-21 16:49:56 - producer_sms - DEBUG - No pending messages found
2026-06-21 16:49:57 - producer_sms - DEBUG - No pending messages found
2026-06-21 16:49:58 - producer_sms - DEBUG - No pending messages found
2026-06-21 16:49:59 - producer_sms - DEBUG - No pending messages found
2026-06-21 16:50:00 - producer_sms - DEBUG - No pending messages found
2026-06-21 16:50:01 - producer_sms - DEBUG - No pending messages found
2026-06-21 16:50:02 - producer_sms - DEBUG - No pending messages found
2026-06-21 16:50:03 - producer_sms - DEBUG - No pending messages found
2026-06-21 16:50:04 - producer_sms - DEBUG - No pending messages found
2026-06-21 16:50:05 - producer_sms - DEBUG - No pending messages found
2026-06-21 16:50:06 - producer_sms - DEBUG - No pending messages found
2026-06-21 16:50:07 - producer_sms - DEBUG - No pending messages found
2026-06-21 16:50:08 - producer_sms - DEBUG - No pending messages found
2026-06-21 16:50:09 - producer_sms - DEBUG - No pending messages found
2026-06-21 16:50:10 - producer_sms - DEBUG - No pending messages found
2026-06-21 16:50:11 - producer_sms - DEBUG - No pending messages found
2026-06-21 16:50:12 - producer_sms - DEBUG - No pending messages found
2026-06-21 16:50:13 - producer_sms - DEBUG - No pending messages found
2026-06-21 16:50:14 - producer_sms - DEBUG - No pending messages found
2026-06-21 16:50:15 - producer_sms - DEBUG - No pending messages found
2026-06-21 16:50:16 - producer_sms - DEBUG - No pending messages found
2026-06-21 16:50:17 - producer_sms - DEBUG - No pending messages found
2026-06-21 16:50:18 - producer_sms - DEBUG - No pending messages found
2026-06-21 16:50:19 - producer_sms - DEBUG - No pending messages found
2026-06-21 16:50:20 - producer_sms - DEBUG - No pending messages found
2026-06-21 16:50:21 - producer_sms - DEBUG - No pending messages found
2026-06-21 16:50:22 - producer_sms - DEBUG - No pending messages found
2026-06-21 16:50:23 - producer_sms - DEBUG - No pending messages found
2026-06-21 16:50:24 - producer_sms - DEBUG - No pending messages found
2026-06-21 16:50:25 - producer_sms - DEBUG - No pending messages found
2026-06-21 16:50:26 - producer_sms - DEBUG - No pending messages found
2026-06-21 16:50:27 - producer_sms - DEBUG - No pending messages found
2026-06-21 16:50:28 - producer_sms - DEBUG - No pending messages found
2026-06-21 16:50:29 - producer_sms - DEBUG - No pending messages found
2026-06-21 16:50:30 - producer_sms - DEBUG - No pending messages found
2026-06-21 16:50:31 - producer_sms - DEBUG - No pending messages found
2026-06-21 16:50:32 - producer_sms - DEBUG - No pending messages found
2026-06-21 16:50:33 - producer_sms - DEBUG - No pending messages found
2026-06-21 16:50:34 - producer_sms - DEBUG - No pending messages found
2026-06-21 16:50:35 - producer_sms - DEBUG - No pending messages found
2026-06-21 16:50:36 - producer_sms - DEBUG - No pending messages found
2026-06-21 16:50:37 - producer_sms - DEBUG - No pending messages found
2026-06-21 16:50:38 - producer_sms - DEBUG - No pending messages found
2026-06-21 16:50:39 - producer_sms - DEBUG - No pending messages found
2026-06-21 16:50:40 - producer_sms - DEBUG - No pending messages found
2026-06-21 16:50:41 - producer_sms - DEBUG - No pending messages found
2026-06-21 16:50:42 - producer_sms - DEBUG - No pending messages found
2026-06-21 16:50:43 - producer_sms - DEBUG - No pending messages found
2026-06-21 16:50:44 - producer_sms - DEBUG - No pending messages found
2026-06-21 16:50:45 - producer_sms - DEBUG - No pending messages found
2026-06-21 16:50:46 - producer_sms - DEBUG - No pending messages found
2026-06-21 16:50:47 - producer_sms - DEBUG - No pending messages found
2026-06-21 16:50:48 - producer_sms - DEBUG - No pending messages found
2026-06-21 16:50:49 - producer_sms - DEBUG - No pending messages found
2026-06-21 16:50:50 - producer_sms - DEBUG - No pending messages found
2026-06-21 16:50:51 - producer_sms - DEBUG - No pending messages found
2026-06-21 16:50:52 - producer_sms - DEBUG - No pending messages found
2026-06-21 16:50:53 - producer_sms - DEBUG - No pending messages found
2026-06-21 16:50:54 - producer_sms - DEBUG - No pending messages found
2026-06-21 16:50:55 - producer_sms - DEBUG - No pending messages found
2026-06-21 16:50:56 - producer_sms - DEBUG - No pending messages found
2026-06-21 16:50:57 - producer_sms - DEBUG - No pending messages found
2026-06-21 16:50:58 - producer_sms - DEBUG - No pending messages found
2026-06-21 16:50:59 - producer_sms - DEBUG - No pending messages found
2026-06-21 16:51:00 - producer_sms - DEBUG - No pending messages found
2026-06-21 16:51:01 - producer_sms - DEBUG - No pending messages found
2026-06-21 16:51:02 - producer_sms - DEBUG - No pending messages found
2026-06-21 16:51:03 - producer_sms - DEBUG - No pending messages found
2026-06-21 16:51:04 - producer_sms - DEBUG - No pending messages found
2026-06-21 16:51:05 - producer_sms - DEBUG - No pending messages found
2026-06-21 16:51:06 - producer_sms - DEBUG - No pending messages found
2026-06-21 16:51:07 - producer_sms - DEBUG - No pending messages found
2026-06-21 16:51:08 - producer_sms - DEBUG - No pending messages found
2026-06-21 16:51:09 - producer_sms - DEBUG - No pending messages found
2026-06-21 16:51:10 - producer_sms - DEBUG - No pending messages found
2026-06-21 16:51:11 - producer_sms - DEBUG - No pending messages found
2026-06-21 16:51:12 - producer_sms - DEBUG - No pending messages found
2026-06-21 16:51:13 - producer_sms - DEBUG - No pending messages found
2026-06-21 16:51:14 - producer_sms - DEBUG - No pending messages found
2026-06-21 16:51:15 - producer_sms - DEBUG - No pending messages found
2026-06-21 16:51:16 - producer_sms - DEBUG - No pending messages found
2026-06-21 16:51:17 - producer_sms - DEBUG - No pending messages found
2026-06-21 16:51:18 - producer_sms - DEBUG - No pending messages found
2026-06-21 16:51:19 - producer_sms - DEBUG - No pending messages found
2026-06-21 16:51:20 - producer_sms - DEBUG - No pending messages found
2026-06-21 16:51:21 - producer_sms - DEBUG - No pending messages found
2026-06-21 16:51:22 - producer_sms - DEBUG - No pending messages found
2026-06-21 16:51:23 - producer_sms - DEBUG - No pending messages found
2026-06-21 16:51:24 - producer_sms - DEBUG - No pending messages found
2026-06-21 16:51:25 - producer_sms - DEBUG - No pending messages found
2026-06-21 16:51:26 - producer_sms - DEBUG - No pending messages found
2026-06-21 16:51:27 - producer_sms - DEBUG - No pending messages found
2026-06-21 16:51:28 - producer_sms - DEBUG - No pending messages found
2026-06-21 16:51:29 - producer_sms - DEBUG - No pending messages found
2026-06-21 16:51:30 - producer_sms - DEBUG - No pending messages found
2026-06-21 16:51:31 - producer_sms - DEBUG - No pending messages found
2026-06-21 16:51:32 - producer_sms - DEBUG - No pending messages found
2026-06-21 16:51:33 - producer_sms - DEBUG - No pending messages found
2026-06-21 16:51:34 - producer_sms - DEBUG - No pending messages found
2026-06-21 16:51:35 - producer_sms - DEBUG - No pending messages found
2026-06-21 16:51:36 - producer_sms - DEBUG - No pending messages found
2026-06-21 16:51:37 - producer_sms - DEBUG - No pending messages found
2026-06-21 16:51:38 - producer_sms - DEBUG - No pending messages found
2026-06-21 16:51:39 - producer_sms - DEBUG - No pending messages found
2026-06-21 16:51:40 - producer_sms - DEBUG - No pending messages found
2026-06-21 16:51:41 - producer_sms - DEBUG - No pending messages found
2026-06-21 16:51:42 - producer_sms - DEBUG - No pending messages found
2026-06-21 16:51:43 - producer_sms - DEBUG - No pending messages found
2026-06-21 16:51:44 - producer_sms - DEBUG - No pending messages found
2026-06-21 16:51:45 - producer_sms - DEBUG - No pending messages found
2026-06-21 16:51:46 - producer_sms - DEBUG - No pending messages found
2026-06-21 16:51:47 - producer_sms - DEBUG - No pending messages found
2026-06-21 16:51:48 - producer_sms - DEBUG - No pending messages found
2026-06-21 16:51:49 - producer_sms - DEBUG - No pending messages found
2026-06-21 16:51:50 - producer_sms - DEBUG - No pending messages found
2026-06-21 16:51:51 - producer_sms - DEBUG - No pending messages found
2026-06-21 16:51:52 - producer_sms - DEBUG - No pending messages found
2026-06-21 16:51:53 - producer_sms - DEBUG - No pending messages found
2026-06-21 16:51:54 - producer_sms - DEBUG - No pending messages found
2026-06-21 16:51:55 - producer_sms - DEBUG - No pending messages found
2026-06-21 16:51:56 - producer_sms - DEBUG - No pending messages found
2026-06-21 16:51:57 - producer_sms - DEBUG - No pending messages found
2026-06-21 16:51:58 - producer_sms - DEBUG - No pending messages found
2026-06-21 16:51:59 - producer_sms - DEBUG - No pending messages found
2026-06-21 16:52:00 - producer_sms - DEBUG - No pending messages found
2026-06-21 16:52:01 - producer_sms - DEBUG - No pending messages found
2026-06-21 16:52:02 - producer_sms - DEBUG - No pending messages found
2026-06-21 16:52:03 - producer_sms - DEBUG - No pending messages found
2026-06-21 16:52:04 - producer_sms - DEBUG - No pending messages found
2026-06-21 16:52:05 - producer_sms - DEBUG - No pending messages found
2026-06-21 16:52:06 - producer_sms - DEBUG - No pending messages found
2026-06-21 16:52:07 - producer_sms - DEBUG - No pending messages found
2026-06-21 16:52:08 - producer_sms - DEBUG - No pending messages found
2026-06-21 16:52:09 - producer_sms - DEBUG - No pending messages found
2026-06-21 16:52:10 - producer_sms - DEBUG - No pending messages found
2026-06-21 16:52:11 - producer_sms - DEBUG - No pending messages found
2026-06-21 16:52:12 - producer_sms - DEBUG - No pending messages found
2026-06-21 16:52:13 - producer_sms - DEBUG - No pending messages found
2026-06-21 16:52:14 - producer_sms - DEBUG - No pending messages found
2026-06-21 16:52:15 - producer_sms - DEBUG - No pending messages found
2026-06-21 16:52:16 - producer_sms - DEBUG - No pending messages found
2026-06-21 16:52:17 - producer_sms - DEBUG - No pending messages found
2026-06-21 16:52:18 - producer_sms - DEBUG - No pending messages found
2026-06-21 16:52:19 - producer_sms - DEBUG - No pending messages found
2026-06-21 16:52:20 - producer_sms - DEBUG - No pending messages found
2026-06-21 16:52:21 - producer_sms - DEBUG - No pending messages found
2026-06-21 16:52:22 - producer_sms - DEBUG - No pending messages found
2026-06-21 16:52:23 - producer_sms - DEBUG - No pending messages found
2026-06-21 16:52:24 - producer_sms - DEBUG - No pending messages found
2026-06-21 16:52:25 - producer_sms - DEBUG - No pending messages found
2026-06-21 16:52:26 - producer_sms - DEBUG - No pending messages found
2026-06-21 16:52:27 - producer_sms - DEBUG - No pending messages found
2026-06-21 16:52:28 - producer_sms - DEBUG - No pending messages found
2026-06-21 16:52:29 - producer_sms - DEBUG - No pending messages found
2026-06-21 16:52:30 - producer_sms - DEBUG - No pending messages found
2026-06-21 16:52:31 - producer_sms - DEBUG - No pending messages found
2026-06-21 16:52:32 - producer_sms - DEBUG - No pending messages found
2026-06-21 16:52:33 - producer_sms - DEBUG - No pending messages found
2026-06-21 16:52:34 - producer_sms - DEBUG - No pending messages found
2026-06-21 16:52:35 - producer_sms - DEBUG - No pending messages found
2026-06-21 16:52:36 - producer_sms - DEBUG - No pending messages found
2026-06-21 16:52:38 - producer_sms - DEBUG - No pending messages found
2026-06-21 16:52:39 - producer_sms - DEBUG - No pending messages found
2026-06-21 16:52:40 - producer_sms - DEBUG - No pending messages found
2026-06-21 16:52:41 - producer_sms - DEBUG - No pending messages found
2026-06-21 16:52:42 - producer_sms - DEBUG - No pending messages found
2026-06-21 16:52:43 - producer_sms - DEBUG - No pending messages found
2026-06-21 16:52:44 - producer_sms - DEBUG - No pending messages found
2026-06-21 16:52:45 - producer_sms - DEBUG - No pending messages found
2026-06-21 16:52:46 - producer_sms - DEBUG - No pending messages found
2026-06-21 16:52:47 - producer_sms - DEBUG - No pending messages found
2026-06-21 16:52:48 - producer_sms - DEBUG - No pending messages found
2026-06-21 16:52:49 - producer_sms - DEBUG - No pending messages found
2026-06-21 16:52:50 - producer_sms - DEBUG - No pending messages found
2026-06-21 16:52:51 - producer_sms - DEBUG - No pending messages found
2026-06-21 16:52:52 - producer_sms - DEBUG - No pending messages found
2026-06-21 16:52:53 - producer_sms - DEBUG - No pending messages found
2026-06-21 16:52:54 - producer_sms - DEBUG - No pending messages found
2026-06-21 16:52:55 - producer_sms - DEBUG - No pending messages found
2026-06-21 16:52:56 - producer_sms - DEBUG - No pending messages found
2026-06-21 16:52:57 - producer_sms - DEBUG - No pending messages found
2026-06-21 16:52:58 - producer_sms - DEBUG - No pending messages found
2026-06-21 16:52:59 - producer_sms - DEBUG - No pending messages found
2026-06-21 16:53:00 - producer_sms - DEBUG - No pending messages found
2026-06-21 16:53:01 - producer_sms - DEBUG - No pending messages found
2026-06-21 16:53:02 - producer_sms - DEBUG - No pending messages found
2026-06-21 16:53:03 - producer_sms - DEBUG - No pending messages found
2026-06-21 16:53:04 - producer_sms - DEBUG - No pending messages found
2026-06-21 16:53:05 - producer_sms - DEBUG - No pending messages found
2026-06-21 16:53:06 - producer_sms - DEBUG - No pending messages found
2026-06-21 16:53:07 - producer_sms - DEBUG - No pending messages found
2026-06-21 16:53:08 - producer_sms - DEBUG - No pending messages found
2026-06-21 16:53:09 - producer_sms - DEBUG - No pending messages found
2026-06-21 16:53:10 - producer_sms - DEBUG - No pending messages found
2026-06-21 16:53:11 - producer_sms - DEBUG - No pending messages found
2026-06-21 16:53:12 - producer_sms - DEBUG - No pending messages found
2026-06-21 16:53:13 - producer_sms - DEBUG - No pending messages found
2026-06-21 16:53:14 - producer_sms - DEBUG - No pending messages found
2026-06-21 16:53:15 - producer_sms - DEBUG - No pending messages found
2026-06-21 16:53:16 - producer_sms - DEBUG - No pending messages found
2026-06-21 16:53:17 - producer_sms - DEBUG - No pending messages found
2026-06-21 16:53:18 - producer_sms - DEBUG - No pending messages found
2026-06-21 16:53:19 - producer_sms - DEBUG - No pending messages found
2026-06-21 16:53:20 - producer_sms - DEBUG - No pending messages found
2026-06-21 16:53:21 - producer_sms - DEBUG - No pending messages found
2026-06-21 16:53:22 - producer_sms - DEBUG - No pending messages found
2026-06-21 16:53:23 - producer_sms - DEBUG - No pending messages found
2026-06-21 16:53:24 - producer_sms - DEBUG - No pending messages found
2026-06-21 16:53:25 - producer_sms - DEBUG - No pending messages found
2026-06-21 16:53:26 - producer_sms - DEBUG - No pending messages found
2026-06-21 16:53:27 - producer_sms - DEBUG - No pending messages found
2026-06-21 16:53:28 - producer_sms - DEBUG - No pending messages found
2026-06-21 16:53:29 - producer_sms - DEBUG - No pending messages found
2026-06-21 16:53:30 - producer_sms - DEBUG - No pending messages found
2026-06-21 16:53:31 - producer_sms - DEBUG - No pending messages found
2026-06-21 16:53:32 - producer_sms - DEBUG - No pending messages found
2026-06-21 16:53:33 - producer_sms - DEBUG - No pending messages found
2026-06-21 16:53:34 - producer_sms - DEBUG - No pending messages found
2026-06-21 16:53:35 - producer_sms - DEBUG - No pending messages found
2026-06-21 16:53:36 - producer_sms - DEBUG - No pending messages found
2026-06-21 16:53:37 - producer_sms - DEBUG - No pending messages found
2026-06-21 16:53:38 - producer_sms - DEBUG - No pending messages found
2026-06-21 16:53:39 - producer_sms - DEBUG - No pending messages found
2026-06-21 16:53:40 - producer_sms - DEBUG - No pending messages found
2026-06-21 16:53:41 - producer_sms - DEBUG - No pending messages found
2026-06-21 16:53:42 - producer_sms - DEBUG - No pending messages found
2026-06-21 16:53:43 - producer_sms - DEBUG - No pending messages found
2026-06-21 16:53:44 - producer_sms - DEBUG - No pending messages found
2026-06-21 16:53:45 - producer_sms - DEBUG - No pending messages found
2026-06-21 16:53:46 - producer_sms - DEBUG - No pending messages found
2026-06-21 16:53:47 - producer_sms - DEBUG - No pending messages found
2026-06-21 16:53:48 - producer_sms - DEBUG - No pending messages found
2026-06-21 16:53:49 - producer_sms - DEBUG - No pending messages found
2026-06-21 16:53:50 - producer_sms - DEBUG - No pending messages found
2026-06-21 16:53:51 - producer_sms - DEBUG - No pending messages found
2026-06-21 16:53:52 - producer_sms - DEBUG - No pending messages found
2026-06-21 16:53:53 - producer_sms - DEBUG - No pending messages found
2026-06-21 16:53:54 - producer_sms - DEBUG - No pending messages found
2026-06-21 16:53:55 - producer_sms - DEBUG - No pending messages found
2026-06-21 16:53:56 - producer_sms - DEBUG - No pending messages found
2026-06-21 16:53:57 - producer_sms - DEBUG - No pending messages found
2026-06-21 16:53:58 - producer_sms - DEBUG - No pending messages found
2026-06-21 16:53:59 - producer_sms - DEBUG - No pending messages found
2026-06-21 16:54:00 - producer_sms - DEBUG - No pending messages found
2026-06-21 16:54:01 - producer_sms - DEBUG - No pending messages found
2026-06-21 16:54:02 - producer_sms - DEBUG - No pending messages found
2026-06-21 16:54:03 - producer_sms - DEBUG - No pending messages found
2026-06-21 16:54:04 - producer_sms - DEBUG - No pending messages found
2026-06-21 16:54:05 - producer_sms - DEBUG - No pending messages found
2026-06-21 16:54:06 - producer_sms - DEBUG - No pending messages found
2026-06-21 16:54:07 - producer_sms - DEBUG - No pending messages found
2026-06-21 16:54:08 - producer_sms - DEBUG - No pending messages found
2026-06-21 16:54:09 - producer_sms - DEBUG - No pending messages found
2026-06-21 16:54:10 - producer_sms - DEBUG - No pending messages found
2026-06-21 16:54:11 - producer_sms - DEBUG - No pending messages found
2026-06-21 16:54:12 - producer_sms - DEBUG - No pending messages found
2026-06-21 16:54:13 - producer_sms - DEBUG - No pending messages found
2026-06-21 16:54:14 - producer_sms - DEBUG - No pending messages found
2026-06-21 16:54:15 - producer_sms - DEBUG - No pending messages found
2026-06-21 16:54:16 - producer_sms - DEBUG - No pending messages found
2026-06-21 16:54:17 - producer_sms - DEBUG - No pending messages found
2026-06-21 16:54:18 - producer_sms - DEBUG - No pending messages found
2026-06-21 16:54:19 - producer_sms - DEBUG - No pending messages found
2026-06-21 16:54:20 - producer_sms - DEBUG - No pending messages found
2026-06-21 16:54:21 - producer_sms - DEBUG - No pending messages found
2026-06-21 16:54:22 - producer_sms - DEBUG - No pending messages found
2026-06-21 16:54:23 - producer_sms - DEBUG - No pending messages found
2026-06-21 16:54:24 - producer_sms - DEBUG - No pending messages found
2026-06-21 16:54:25 - producer_sms - DEBUG - No pending messages found
2026-06-21 16:54:26 - producer_sms - DEBUG - No pending messages found
2026-06-21 16:54:27 - producer_sms - DEBUG - No pending messages found
2026-06-21 16:54:28 - producer_sms - DEBUG - No pending messages found
2026-06-21 16:54:29 - producer_sms - DEBUG - No pending messages found
2026-06-21 16:54:30 - producer_sms - DEBUG - No pending messages found
2026-06-21 16:54:31 - producer_sms - DEBUG - No pending messages found
2026-06-21 16:54:32 - producer_sms - DEBUG - No pending messages found
2026-06-21 16:54:33 - producer_sms - DEBUG - No pending messages found
2026-06-21 16:54:34 - producer_sms - DEBUG - No pending messages found
2026-06-21 16:54:35 - producer_sms - DEBUG - No pending messages found
2026-06-21 16:54:36 - producer_sms - DEBUG - No pending messages found
2026-06-21 16:54:37 - producer_sms - DEBUG - No pending messages found
2026-06-21 16:54:38 - producer_sms - DEBUG - No pending messages found
2026-06-21 16:54:39 - producer_sms - DEBUG - No pending messages found
2026-06-21 16:54:40 - producer_sms - DEBUG - No pending messages found
2026-06-21 16:54:41 - producer_sms - DEBUG - No pending messages found
2026-06-21 16:54:42 - producer_sms - DEBUG - No pending messages found
2026-06-21 16:54:43 - producer_sms - DEBUG - No pending messages found
2026-06-21 16:54:44 - producer_sms - DEBUG - No pending messages found
2026-06-21 16:54:45 - producer_sms - DEBUG - No pending messages found
2026-06-21 16:54:46 - producer_sms - DEBUG - No pending messages found
2026-06-21 16:54:47 - producer_sms - DEBUG - No pending messages found
2026-06-21 16:54:48 - producer_sms - DEBUG - No pending messages found
2026-06-21 16:54:49 - producer_sms - DEBUG - No pending messages found
2026-06-21 16:54:50 - producer_sms - DEBUG - No pending messages found
2026-06-21 16:54:51 - producer_sms - DEBUG - No pending messages found
2026-06-21 16:54:52 - producer_sms - DEBUG - No pending messages found
2026-06-21 16:54:53 - producer_sms - DEBUG - No pending messages found
2026-06-21 16:54:54 - producer_sms - DEBUG - No pending messages found
2026-06-21 16:54:55 - producer_sms - DEBUG - No pending messages found
2026-06-21 16:54:56 - producer_sms - DEBUG - No pending messages found
2026-06-21 16:54:57 - producer_sms - DEBUG - No pending messages found
2026-06-21 16:54:58 - producer_sms - DEBUG - No pending messages found
2026-06-21 16:54:59 - producer_sms - DEBUG - No pending messages found
2026-06-21 16:55:00 - producer_sms - DEBUG - No pending messages found
2026-06-21 16:55:01 - producer_sms - DEBUG - No pending messages found
2026-06-21 16:55:02 - producer_sms - DEBUG - No pending messages found
2026-06-21 16:55:03 - producer_sms - DEBUG - No pending messages found
2026-06-21 16:55:04 - producer_sms - DEBUG - No pending messages found
2026-06-21 16:55:05 - producer_sms - DEBUG - No pending messages found
2026-06-21 16:55:06 - producer_sms - DEBUG - No pending messages found
2026-06-21 16:55:07 - producer_sms - DEBUG - No pending messages found
2026-06-21 16:55:08 - producer_sms - DEBUG - No pending messages found
2026-06-21 16:55:10 - producer_sms - DEBUG - No pending messages found
2026-06-21 16:55:11 - producer_sms - DEBUG - No pending messages found
2026-06-21 16:55:12 - producer_sms - DEBUG - No pending messages found
2026-06-21 16:55:13 - producer_sms - DEBUG - No pending messages found
2026-06-21 16:55:14 - producer_sms - DEBUG - No pending messages found
2026-06-21 16:55:15 - producer_sms - DEBUG - No pending messages found
2026-06-21 16:55:16 - producer_sms - DEBUG - No pending messages found
2026-06-21 16:55:17 - producer_sms - DEBUG - No pending messages found
2026-06-21 16:55:18 - producer_sms - DEBUG - No pending messages found
2026-06-21 16:55:19 - producer_sms - DEBUG - No pending messages found
2026-06-21 16:55:20 - producer_sms - DEBUG - No pending messages found
2026-06-21 16:55:21 - producer_sms - DEBUG - No pending messages found
2026-06-21 16:55:22 - producer_sms - DEBUG - No pending messages found
2026-06-21 16:55:23 - producer_sms - DEBUG - No pending messages found
2026-06-21 16:55:24 - producer_sms - DEBUG - No pending messages found
2026-06-21 16:55:25 - producer_sms - DEBUG - No pending messages found
2026-06-21 16:55:26 - producer_sms - DEBUG - No pending messages found
2026-06-21 16:55:27 - producer_sms - DEBUG - No pending messages found
2026-06-21 16:55:28 - producer_sms - DEBUG - No pending messages found
2026-06-21 16:55:29 - producer_sms - DEBUG - No pending messages found
2026-06-21 16:55:30 - producer_sms - DEBUG - No pending messages found
2026-06-21 16:55:31 - producer_sms - DEBUG - No pending messages found
2026-06-21 16:55:32 - producer_sms - DEBUG - No pending messages found
2026-06-21 16:55:33 - producer_sms - DEBUG - No pending messages found
2026-06-21 16:55:34 - producer_sms - DEBUG - No pending messages found
2026-06-21 16:55:35 - producer_sms - DEBUG - No pending messages found
2026-06-21 16:55:36 - producer_sms - DEBUG - No pending messages found
2026-06-21 16:55:37 - producer_sms - DEBUG - No pending messages found
2026-06-21 16:55:38 - producer_sms - DEBUG - No pending messages found
2026-06-21 16:55:39 - producer_sms - DEBUG - No pending messages found
2026-06-21 16:55:40 - producer_sms - DEBUG - No pending messages found
2026-06-21 16:55:41 - producer_sms - DEBUG - No pending messages found
2026-06-21 16:55:42 - producer_sms - DEBUG - No pending messages found
2026-06-21 16:55:43 - producer_sms - DEBUG - No pending messages found
2026-06-21 16:55:44 - producer_sms - DEBUG - No pending messages found
2026-06-21 16:55:45 - producer_sms - DEBUG - No pending messages found
2026-06-21 16:55:46 - producer_sms - DEBUG - No pending messages found
2026-06-21 16:55:47 - producer_sms - DEBUG - No pending messages found
2026-06-21 16:55:48 - producer_sms - DEBUG - No pending messages found
2026-06-21 16:55:49 - producer_sms - DEBUG - No pending messages found
2026-06-21 16:55:50 - producer_sms - DEBUG - No pending messages found
2026-06-21 16:55:51 - producer_sms - DEBUG - No pending messages found
2026-06-21 16:55:52 - producer_sms - DEBUG - No pending messages found
2026-06-21 16:55:53 - producer_sms - DEBUG - No pending messages found
2026-06-21 16:55:54 - producer_sms - DEBUG - No pending messages found
2026-06-21 16:55:55 - producer_sms - DEBUG - No pending messages found
2026-06-21 16:55:56 - producer_sms - DEBUG - No pending messages found
2026-06-21 16:55:57 - producer_sms - DEBUG - No pending messages found
2026-06-21 16:55:58 - producer_sms - DEBUG - No pending messages found
2026-06-21 16:55:59 - producer_sms - DEBUG - No pending messages found
2026-06-21 16:56:00 - producer_sms - DEBUG - No pending messages found
2026-06-21 16:56:01 - producer_sms - DEBUG - No pending messages found
2026-06-21 16:56:02 - producer_sms - DEBUG - No pending messages found
2026-06-21 16:56:03 - producer_sms - DEBUG - No pending messages found
2026-06-21 16:56:04 - producer_sms - DEBUG - No pending messages found
2026-06-21 16:56:05 - producer_sms - DEBUG - No pending messages found
2026-06-21 16:56:06 - producer_sms - DEBUG - No pending messages found
2026-06-21 16:56:07 - producer_sms - DEBUG - No pending messages found
2026-06-21 16:56:08 - producer_sms - DEBUG - No pending messages found
2026-06-21 16:56:09 - producer_sms - DEBUG - No pending messages found
2026-06-21 16:56:10 - producer_sms - DEBUG - No pending messages found
2026-06-21 16:56:11 - producer_sms - DEBUG - No pending messages found
2026-06-21 16:56:12 - producer_sms - DEBUG - No pending messages found
2026-06-21 16:56:13 - producer_sms - DEBUG - No pending messages found
2026-06-21 16:56:14 - producer_sms - DEBUG - No pending messages found
2026-06-21 16:56:15 - producer_sms - DEBUG - No pending messages found
2026-06-21 16:56:16 - producer_sms - DEBUG - No pending messages found
2026-06-21 16:56:17 - producer_sms - DEBUG - No pending messages found
2026-06-21 16:56:18 - producer_sms - DEBUG - No pending messages found
2026-06-21 16:56:19 - producer_sms - DEBUG - No pending messages found
2026-06-21 16:56:20 - producer_sms - DEBUG - No pending messages found
2026-06-21 16:56:21 - producer_sms - DEBUG - No pending messages found
2026-06-21 16:56:22 - producer_sms - DEBUG - No pending messages found
2026-06-21 16:56:23 - producer_sms - DEBUG - No pending messages found
2026-06-21 16:56:24 - producer_sms - DEBUG - No pending messages found
2026-06-21 16:56:25 - producer_sms - DEBUG - No pending messages found
2026-06-21 16:56:26 - producer_sms - DEBUG - No pending messages found
2026-06-21 16:56:27 - producer_sms - DEBUG - No pending messages found
2026-06-21 16:56:28 - producer_sms - DEBUG - No pending messages found
2026-06-21 16:56:29 - producer_sms - DEBUG - No pending messages found
2026-06-21 16:56:30 - producer_sms - DEBUG - No pending messages found
2026-06-21 16:56:31 - producer_sms - DEBUG - No pending messages found
2026-06-21 16:56:32 - producer_sms - DEBUG - No pending messages found
2026-06-21 16:56:33 - producer_sms - DEBUG - No pending messages found
2026-06-21 16:56:34 - producer_sms - DEBUG - No pending messages found
2026-06-21 16:56:35 - producer_sms - DEBUG - No pending messages found
2026-06-21 16:56:36 - producer_sms - DEBUG - No pending messages found
2026-06-21 16:56:37 - producer_sms - DEBUG - No pending messages found
2026-06-21 16:56:38 - producer_sms - DEBUG - No pending messages found
2026-06-21 16:56:39 - producer_sms - DEBUG - No pending messages found
2026-06-21 16:56:40 - producer_sms - DEBUG - No pending messages found
2026-06-21 16:56:41 - producer_sms - DEBUG - No pending messages found
2026-06-21 16:56:42 - producer_sms - DEBUG - No pending messages found
2026-06-21 16:56:43 - producer_sms - DEBUG - No pending messages found
2026-06-21 16:56:44 - producer_sms - DEBUG - No pending messages found
2026-06-21 16:56:45 - producer_sms - DEBUG - No pending messages found
2026-06-21 16:56:46 - producer_sms - DEBUG - No pending messages found
2026-06-21 16:56:47 - producer_sms - DEBUG - No pending messages found
2026-06-21 16:56:48 - producer_sms - DEBUG - No pending messages found
2026-06-21 16:56:49 - producer_sms - DEBUG - No pending messages found
2026-06-21 16:56:50 - producer_sms - DEBUG - No pending messages found
2026-06-21 16:56:51 - producer_sms - DEBUG - No pending messages found
2026-06-21 16:56:52 - producer_sms - DEBUG - No pending messages found
2026-06-21 16:56:53 - producer_sms - DEBUG - No pending messages found
2026-06-21 16:56:54 - producer_sms - DEBUG - No pending messages found
2026-06-21 16:56:55 - producer_sms - DEBUG - No pending messages found
2026-06-21 16:56:56 - producer_sms - DEBUG - No pending messages found
2026-06-21 16:56:57 - producer_sms - DEBUG - No pending messages found
2026-06-21 16:56:58 - producer_sms - DEBUG - No pending messages found
2026-06-21 16:56:59 - producer_sms - DEBUG - No pending messages found
2026-06-21 16:57:00 - producer_sms - DEBUG - No pending messages found
2026-06-21 16:57:01 - producer_sms - DEBUG - No pending messages found
2026-06-21 16:57:02 - producer_sms - DEBUG - No pending messages found
2026-06-21 16:57:03 - producer_sms - DEBUG - No pending messages found
2026-06-21 16:57:04 - producer_sms - DEBUG - No pending messages found
2026-06-21 16:57:05 - producer_sms - DEBUG - No pending messages found
2026-06-21 16:57:06 - producer_sms - DEBUG - No pending messages found
2026-06-21 16:57:07 - producer_sms - DEBUG - No pending messages found
2026-06-21 16:57:08 - producer_sms - DEBUG - No pending messages found
2026-06-21 16:57:09 - producer_sms - DEBUG - No pending messages found
2026-06-21 16:57:10 - producer_sms - DEBUG - No pending messages found
2026-06-21 16:57:11 - producer_sms - DEBUG - No pending messages found
2026-06-21 16:57:12 - producer_sms - DEBUG - No pending messages found
2026-06-21 16:57:13 - producer_sms - DEBUG - No pending messages found
2026-06-21 16:57:14 - producer_sms - DEBUG - No pending messages found
2026-06-21 16:57:15 - producer_sms - DEBUG - No pending messages found
2026-06-21 16:57:16 - producer_sms - DEBUG - No pending messages found
2026-06-21 16:57:17 - producer_sms - DEBUG - No pending messages found
2026-06-21 16:57:18 - producer_sms - DEBUG - No pending messages found
2026-06-21 16:57:19 - producer_sms - DEBUG - No pending messages found
2026-06-21 16:57:20 - producer_sms - DEBUG - No pending messages found
2026-06-21 16:57:21 - producer_sms - DEBUG - No pending messages found
2026-06-21 16:57:22 - producer_sms - DEBUG - No pending messages found
2026-06-21 16:57:23 - producer_sms - DEBUG - No pending messages found
2026-06-21 16:57:24 - producer_sms - DEBUG - No pending messages found
2026-06-21 16:57:25 - producer_sms - DEBUG - No pending messages found
2026-06-21 16:57:26 - producer_sms - DEBUG - No pending messages found
2026-06-21 16:57:27 - producer_sms - DEBUG - No pending messages found
2026-06-21 16:57:28 - producer_sms - DEBUG - No pending messages found
2026-06-21 16:57:29 - producer_sms - DEBUG - No pending messages found
2026-06-21 16:57:30 - producer_sms - DEBUG - No pending messages found
2026-06-21 16:57:31 - producer_sms - DEBUG - No pending messages found
2026-06-21 16:57:32 - producer_sms - DEBUG - No pending messages found
2026-06-21 16:57:33 - producer_sms - DEBUG - No pending messages found
2026-06-21 16:57:34 - producer_sms - DEBUG - No pending messages found
2026-06-21 16:57:35 - producer_sms - DEBUG - No pending messages found
2026-06-21 16:57:36 - producer_sms - DEBUG - No pending messages found
2026-06-21 16:57:37 - producer_sms - DEBUG - No pending messages found
2026-06-21 16:57:38 - producer_sms - DEBUG - No pending messages found
2026-06-21 16:57:39 - producer_sms - DEBUG - No pending messages found
2026-06-21 16:57:40 - producer_sms - DEBUG - No pending messages found
2026-06-21 16:57:41 - producer_sms - DEBUG - No pending messages found
2026-06-21 16:57:42 - producer_sms - DEBUG - No pending messages found
2026-06-21 16:57:43 - producer_sms - DEBUG - No pending messages found
2026-06-21 16:57:44 - producer_sms - DEBUG - No pending messages found
2026-06-21 16:57:45 - producer_sms - DEBUG - No pending messages found
2026-06-21 16:57:46 - producer_sms - DEBUG - No pending messages found
2026-06-21 16:57:47 - producer_sms - DEBUG - No pending messages found
2026-06-21 16:57:48 - producer_sms - DEBUG - No pending messages found
2026-06-21 16:57:50 - producer_sms - DEBUG - No pending messages found
2026-06-21 16:57:51 - producer_sms - DEBUG - No pending messages found
2026-06-21 16:57:52 - producer_sms - DEBUG - No pending messages found
2026-06-21 16:57:53 - producer_sms - DEBUG - No pending messages found
2026-06-21 16:57:54 - producer_sms - DEBUG - No pending messages found
2026-06-21 16:57:55 - producer_sms - DEBUG - No pending messages found
2026-06-21 16:57:56 - producer_sms - DEBUG - No pending messages found
2026-06-21 16:57:57 - producer_sms - DEBUG - No pending messages found
2026-06-21 16:57:58 - producer_sms - DEBUG - No pending messages found
2026-06-21 16:57:59 - producer_sms - DEBUG - No pending messages found
2026-06-21 16:58:00 - producer_sms - DEBUG - No pending messages found
2026-06-21 16:58:01 - producer_sms - DEBUG - No pending messages found
2026-06-21 16:58:02 - producer_sms - DEBUG - No pending messages found
2026-06-21 16:58:03 - producer_sms - DEBUG - No pending messages found
2026-06-21 16:58:04 - producer_sms - DEBUG - No pending messages found
2026-06-21 16:58:05 - producer_sms - DEBUG - No pending messages found
2026-06-21 16:58:06 - producer_sms - DEBUG - No pending messages found
2026-06-21 16:58:07 - producer_sms - DEBUG - No pending messages found
2026-06-21 16:58:08 - producer_sms - DEBUG - No pending messages found
2026-06-21 16:58:09 - producer_sms - DEBUG - No pending messages found
2026-06-21 16:58:10 - producer_sms - DEBUG - No pending messages found
2026-06-21 16:58:11 - producer_sms - DEBUG - No pending messages found
2026-06-21 16:58:12 - producer_sms - DEBUG - No pending messages found
2026-06-21 16:58:13 - producer_sms - DEBUG - No pending messages found
2026-06-21 16:58:14 - producer_sms - DEBUG - No pending messages found
2026-06-21 16:58:15 - producer_sms - DEBUG - No pending messages found
2026-06-21 16:58:16 - producer_sms - DEBUG - No pending messages found
2026-06-21 16:58:17 - producer_sms - DEBUG - No pending messages found
2026-06-21 16:58:18 - producer_sms - DEBUG - No pending messages found
2026-06-21 16:58:19 - producer_sms - DEBUG - No pending messages found
2026-06-21 16:58:20 - producer_sms - DEBUG - No pending messages found
2026-06-21 16:58:21 - producer_sms - DEBUG - No pending messages found
2026-06-21 16:58:22 - producer_sms - DEBUG - No pending messages found
2026-06-21 16:58:23 - producer_sms - DEBUG - No pending messages found
2026-06-21 16:58:24 - producer_sms - DEBUG - No pending messages found
2026-06-21 16:58:25 - producer_sms - DEBUG - No pending messages found
2026-06-21 16:58:26 - producer_sms - DEBUG - No pending messages found
2026-06-21 16:58:27 - producer_sms - DEBUG - No pending messages found
2026-06-21 16:58:28 - producer_sms - DEBUG - No pending messages found
2026-06-21 16:58:29 - producer_sms - DEBUG - No pending messages found
2026-06-21 16:58:30 - producer_sms - DEBUG - No pending messages found
2026-06-21 16:58:31 - producer_sms - DEBUG - No pending messages found
2026-06-21 16:58:32 - producer_sms - DEBUG - No pending messages found
2026-06-21 16:58:33 - producer_sms - DEBUG - No pending messages found
2026-06-21 16:58:34 - producer_sms - DEBUG - No pending messages found
2026-06-21 16:58:35 - producer_sms - DEBUG - No pending messages found
2026-06-21 16:58:36 - producer_sms - DEBUG - No pending messages found
2026-06-21 16:58:37 - producer_sms - DEBUG - No pending messages found
2026-06-21 16:58:38 - producer_sms - DEBUG - No pending messages found
2026-06-21 16:58:39 - producer_sms - DEBUG - No pending messages found
2026-06-21 16:58:40 - producer_sms - DEBUG - No pending messages found
2026-06-21 16:58:41 - producer_sms - DEBUG - No pending messages found
2026-06-21 16:58:42 - producer_sms - DEBUG - No pending messages found
2026-06-21 16:58:43 - producer_sms - DEBUG - No pending messages found
2026-06-21 16:58:44 - producer_sms - DEBUG - No pending messages found
2026-06-21 16:58:45 - producer_sms - DEBUG - No pending messages found
2026-06-21 16:58:46 - producer_sms - DEBUG - No pending messages found
2026-06-21 16:58:47 - producer_sms - DEBUG - No pending messages found
2026-06-21 16:58:48 - producer_sms - DEBUG - No pending messages found
2026-06-21 16:58:49 - producer_sms - DEBUG - No pending messages found
2026-06-21 16:58:50 - producer_sms - DEBUG - No pending messages found
2026-06-21 16:58:51 - producer_sms - DEBUG - No pending messages found
2026-06-21 16:58:52 - producer_sms - DEBUG - No pending messages found
2026-06-21 16:58:53 - producer_sms - DEBUG - No pending messages found
2026-06-21 16:58:54 - producer_sms - DEBUG - No pending messages found
2026-06-21 16:58:55 - producer_sms - DEBUG - No pending messages found
2026-06-21 16:58:56 - producer_sms - DEBUG - No pending messages found
2026-06-21 16:58:57 - producer_sms - DEBUG - No pending messages found
2026-06-21 16:58:58 - producer_sms - DEBUG - No pending messages found
2026-06-21 16:58:59 - producer_sms - DEBUG - No pending messages found
2026-06-21 16:59:00 - producer_sms - DEBUG - No pending messages found
2026-06-21 16:59:01 - producer_sms - DEBUG - No pending messages found
2026-06-21 16:59:02 - producer_sms - DEBUG - No pending messages found
2026-06-21 16:59:03 - producer_sms - DEBUG - No pending messages found
2026-06-21 16:59:04 - producer_sms - DEBUG - No pending messages found
2026-06-21 16:59:05 - producer_sms - DEBUG - No pending messages found
2026-06-21 16:59:06 - producer_sms - DEBUG - No pending messages found
2026-06-21 16:59:07 - producer_sms - DEBUG - No pending messages found
2026-06-21 16:59:08 - producer_sms - DEBUG - No pending messages found
2026-06-21 16:59:09 - producer_sms - DEBUG - No pending messages found
2026-06-21 16:59:10 - producer_sms - DEBUG - No pending messages found
2026-06-21 16:59:11 - producer_sms - DEBUG - No pending messages found
2026-06-21 16:59:12 - producer_sms - DEBUG - No pending messages found
2026-06-21 16:59:13 - producer_sms - DEBUG - No pending messages found
2026-06-21 16:59:14 - producer_sms - DEBUG - No pending messages found
2026-06-21 16:59:15 - producer_sms - DEBUG - No pending messages found
2026-06-21 16:59:16 - producer_sms - DEBUG - No pending messages found
2026-06-21 16:59:17 - producer_sms - DEBUG - No pending messages found
2026-06-21 16:59:18 - producer_sms - DEBUG - No pending messages found
2026-06-21 16:59:19 - producer_sms - DEBUG - No pending messages found
2026-06-21 16:59:20 - producer_sms - DEBUG - No pending messages found
2026-06-21 16:59:21 - producer_sms - DEBUG - No pending messages found
2026-06-21 16:59:22 - producer_sms - DEBUG - No pending messages found
2026-06-21 16:59:23 - producer_sms - DEBUG - No pending messages found
2026-06-21 16:59:24 - producer_sms - DEBUG - No pending messages found
2026-06-21 16:59:25 - producer_sms - DEBUG - No pending messages found
2026-06-21 16:59:26 - producer_sms - DEBUG - No pending messages found
2026-06-21 16:59:27 - producer_sms - DEBUG - No pending messages found
2026-06-21 16:59:28 - producer_sms - DEBUG - No pending messages found
2026-06-21 16:59:29 - producer_sms - DEBUG - No pending messages found
2026-06-21 16:59:30 - producer_sms - DEBUG - No pending messages found
2026-06-21 16:59:31 - producer_sms - DEBUG - No pending messages found
2026-06-21 16:59:32 - producer_sms - DEBUG - No pending messages found
2026-06-21 16:59:33 - producer_sms - DEBUG - No pending messages found
2026-06-21 16:59:34 - producer_sms - DEBUG - No pending messages found
2026-06-21 16:59:35 - producer_sms - DEBUG - No pending messages found
2026-06-21 16:59:36 - producer_sms - DEBUG - No pending messages found
2026-06-21 16:59:37 - producer_sms - DEBUG - No pending messages found
2026-06-21 16:59:38 - producer_sms - DEBUG - No pending messages found
2026-06-21 16:59:39 - producer_sms - DEBUG - No pending messages found
2026-06-21 16:59:40 - producer_sms - DEBUG - No pending messages found
2026-06-21 16:59:41 - producer_sms - DEBUG - No pending messages found
2026-06-21 16:59:42 - producer_sms - DEBUG - No pending messages found
2026-06-21 16:59:43 - producer_sms - DEBUG - No pending messages found
2026-06-21 16:59:44 - producer_sms - DEBUG - No pending messages found
2026-06-21 16:59:45 - producer_sms - DEBUG - No pending messages found
2026-06-21 16:59:46 - producer_sms - DEBUG - No pending messages found
2026-06-21 16:59:47 - producer_sms - DEBUG - No pending messages found
2026-06-21 16:59:48 - producer_sms - DEBUG - No pending messages found
2026-06-21 16:59:49 - producer_sms - DEBUG - No pending messages found
2026-06-21 16:59:50 - producer_sms - DEBUG - No pending messages found
2026-06-21 16:59:51 - producer_sms - DEBUG - No pending messages found
2026-06-21 16:59:52 - producer_sms - DEBUG - No pending messages found
2026-06-21 16:59:53 - producer_sms - DEBUG - No pending messages found
2026-06-21 16:59:54 - producer_sms - DEBUG - No pending messages found
2026-06-21 16:59:55 - producer_sms - DEBUG - No pending messages found
2026-06-21 16:59:56 - producer_sms - DEBUG - No pending messages found
2026-06-21 16:59:57 - producer_sms - DEBUG - No pending messages found
2026-06-21 16:59:58 - producer_sms - DEBUG - No pending messages found
2026-06-21 16:59:59 - producer_sms - DEBUG - No pending messages found
2026-06-21 17:00:00 - producer_sms - DEBUG - No pending messages found
2026-06-21 17:00:01 - producer_sms - DEBUG - No pending messages found
2026-06-21 17:00:02 - producer_sms - DEBUG - No pending messages found
2026-06-21 17:00:03 - producer_sms - DEBUG - No pending messages found
2026-06-21 17:00:04 - producer_sms - DEBUG - No pending messages found
2026-06-21 17:00:05 - producer_sms - DEBUG - No pending messages found
2026-06-21 17:00:06 - producer_sms - DEBUG - No pending messages found
2026-06-21 17:00:07 - producer_sms - DEBUG - No pending messages found
2026-06-21 17:00:08 - producer_sms - DEBUG - No pending messages found
2026-06-21 17:00:09 - producer_sms - DEBUG - No pending messages found
2026-06-21 17:00:10 - producer_sms - DEBUG - No pending messages found
2026-06-21 17:00:11 - producer_sms - DEBUG - No pending messages found
2026-06-21 17:00:12 - producer_sms - DEBUG - No pending messages found
2026-06-21 17:00:13 - producer_sms - DEBUG - No pending messages found
2026-06-21 17:00:14 - producer_sms - DEBUG - No pending messages found
2026-06-21 17:00:15 - producer_sms - DEBUG - No pending messages found
2026-06-21 17:00:16 - producer_sms - DEBUG - No pending messages found
2026-06-21 17:00:17 - producer_sms - DEBUG - No pending messages found
2026-06-21 17:00:18 - producer_sms - DEBUG - No pending messages found
2026-06-21 17:00:19 - producer_sms - DEBUG - No pending messages found
2026-06-21 17:00:20 - producer_sms - DEBUG - No pending messages found
2026-06-21 17:00:21 - producer_sms - DEBUG - No pending messages found
2026-06-21 17:00:22 - producer_sms - DEBUG - No pending messages found
2026-06-21 17:00:23 - producer_sms - DEBUG - No pending messages found
2026-06-21 17:00:25 - producer_sms - DEBUG - No pending messages found
2026-06-21 17:00:26 - producer_sms - DEBUG - No pending messages found
2026-06-21 17:00:27 - producer_sms - DEBUG - No pending messages found
2026-06-21 17:00:28 - producer_sms - DEBUG - No pending messages found
2026-06-21 17:00:29 - producer_sms - DEBUG - No pending messages found
2026-06-21 17:00:30 - producer_sms - DEBUG - No pending messages found
2026-06-21 17:00:31 - producer_sms - DEBUG - No pending messages found
2026-06-21 17:00:32 - producer_sms - DEBUG - No pending messages found
2026-06-21 17:00:33 - producer_sms - DEBUG - No pending messages found
2026-06-21 17:00:34 - producer_sms - DEBUG - No pending messages found
2026-06-21 17:00:35 - producer_sms - DEBUG - No pending messages found
2026-06-21 17:00:36 - producer_sms - DEBUG - No pending messages found
2026-06-21 17:00:37 - producer_sms - DEBUG - No pending messages found
2026-06-21 17:00:38 - producer_sms - DEBUG - No pending messages found
2026-06-21 17:00:39 - producer_sms - DEBUG - No pending messages found
2026-06-21 17:00:40 - producer_sms - DEBUG - No pending messages found
2026-06-21 17:00:41 - producer_sms - DEBUG - No pending messages found
2026-06-21 17:00:42 - producer_sms - DEBUG - No pending messages found
2026-06-21 17:00:43 - producer_sms - DEBUG - No pending messages found
2026-06-21 17:00:44 - producer_sms - DEBUG - No pending messages found
2026-06-21 17:00:45 - producer_sms - DEBUG - No pending messages found
2026-06-21 17:00:46 - producer_sms - DEBUG - No pending messages found
2026-06-21 17:00:47 - producer_sms - DEBUG - No pending messages found
2026-06-21 17:00:48 - producer_sms - DEBUG - No pending messages found
2026-06-21 17:00:49 - producer_sms - DEBUG - No pending messages found
2026-06-21 17:00:50 - producer_sms - DEBUG - No pending messages found
2026-06-21 17:00:51 - producer_sms - DEBUG - No pending messages found
2026-06-21 17:00:52 - producer_sms - DEBUG - No pending messages found
2026-06-21 17:00:53 - producer_sms - DEBUG - No pending messages found
2026-06-21 17:00:54 - producer_sms - DEBUG - No pending messages found
2026-06-21 17:00:55 - producer_sms - DEBUG - No pending messages found
2026-06-21 17:00:56 - producer_sms - DEBUG - No pending messages found
2026-06-21 17:00:57 - producer_sms - DEBUG - No pending messages found
2026-06-21 17:00:58 - producer_sms - DEBUG - No pending messages found
2026-06-21 17:00:59 - producer_sms - DEBUG - No pending messages found
2026-06-21 17:01:00 - producer_sms - DEBUG - No pending messages found
2026-06-21 17:01:01 - producer_sms - DEBUG - No pending messages found
2026-06-21 17:01:02 - producer_sms - DEBUG - No pending messages found
2026-06-21 17:01:03 - producer_sms - DEBUG - No pending messages found
2026-06-21 17:01:04 - producer_sms - DEBUG - No pending messages found
2026-06-21 17:01:05 - producer_sms - DEBUG - No pending messages found
2026-06-21 17:01:06 - producer_sms - DEBUG - No pending messages found
2026-06-21 17:01:07 - producer_sms - DEBUG - No pending messages found
2026-06-21 17:01:08 - producer_sms - DEBUG - No pending messages found
2026-06-21 17:01:09 - producer_sms - DEBUG - No pending messages found
2026-06-21 17:01:10 - producer_sms - DEBUG - No pending messages found
2026-06-21 17:01:11 - producer_sms - DEBUG - No pending messages found
2026-06-21 17:01:12 - producer_sms - DEBUG - No pending messages found
2026-06-21 17:01:13 - producer_sms - DEBUG - No pending messages found
2026-06-21 17:01:14 - producer_sms - DEBUG - No pending messages found
2026-06-21 17:01:15 - producer_sms - DEBUG - No pending messages found
2026-06-21 17:01:16 - producer_sms - DEBUG - No pending messages found
2026-06-21 17:01:17 - producer_sms - DEBUG - No pending messages found
2026-06-21 17:01:18 - producer_sms - DEBUG - No pending messages found
2026-06-21 17:01:19 - producer_sms - DEBUG - No pending messages found
2026-06-21 17:01:20 - producer_sms - DEBUG - No pending messages found
2026-06-21 17:01:21 - producer_sms - DEBUG - No pending messages found
2026-06-21 17:01:22 - producer_sms - DEBUG - No pending messages found
2026-06-21 17:01:23 - producer_sms - DEBUG - No pending messages found
2026-06-21 17:01:24 - producer_sms - DEBUG - No pending messages found
2026-06-21 17:01:25 - producer_sms - DEBUG - No pending messages found
2026-06-21 17:01:26 - producer_sms - DEBUG - No pending messages found
2026-06-21 17:01:27 - producer_sms - DEBUG - No pending messages found
2026-06-21 17:01:28 - producer_sms - DEBUG - No pending messages found
2026-06-21 17:01:29 - producer_sms - DEBUG - No pending messages found
2026-06-21 17:01:30 - producer_sms - DEBUG - No pending messages found
2026-06-21 17:01:31 - producer_sms - DEBUG - No pending messages found
2026-06-21 17:01:32 - producer_sms - DEBUG - No pending messages found
2026-06-21 17:01:33 - producer_sms - DEBUG - No pending messages found
2026-06-21 17:01:34 - producer_sms - DEBUG - No pending messages found
2026-06-21 17:01:35 - producer_sms - DEBUG - No pending messages found
2026-06-21 17:01:36 - producer_sms - DEBUG - No pending messages found
2026-06-21 17:01:37 - producer_sms - DEBUG - No pending messages found
2026-06-21 17:01:38 - producer_sms - DEBUG - No pending messages found
2026-06-21 17:01:39 - producer_sms - DEBUG - No pending messages found
2026-06-21 17:01:40 - producer_sms - DEBUG - No pending messages found
2026-06-21 17:01:41 - producer_sms - DEBUG - No pending messages found
2026-06-21 17:01:42 - producer_sms - DEBUG - No pending messages found
2026-06-21 17:01:43 - producer_sms - DEBUG - No pending messages found
2026-06-21 17:01:44 - producer_sms - DEBUG - No pending messages found
2026-06-21 17:01:45 - producer_sms - DEBUG - No pending messages found
2026-06-21 17:01:46 - producer_sms - DEBUG - No pending messages found
2026-06-21 17:01:47 - producer_sms - DEBUG - No pending messages found
2026-06-21 17:01:48 - producer_sms - DEBUG - No pending messages found
2026-06-21 17:01:49 - producer_sms - DEBUG - No pending messages found
2026-06-21 17:01:50 - producer_sms - DEBUG - No pending messages found
2026-06-21 17:01:51 - producer_sms - DEBUG - No pending messages found
2026-06-21 17:01:52 - producer_sms - DEBUG - No pending messages found
2026-06-21 17:01:53 - producer_sms - DEBUG - No pending messages found
2026-06-21 17:01:54 - producer_sms - DEBUG - No pending messages found
2026-06-21 17:01:55 - producer_sms - DEBUG - No pending messages found
2026-06-21 17:01:56 - producer_sms - DEBUG - No pending messages found
2026-06-21 17:01:57 - producer_sms - DEBUG - No pending messages found
2026-06-21 17:01:58 - producer_sms - DEBUG - No pending messages found
2026-06-21 17:01:59 - producer_sms - DEBUG - No pending messages found
2026-06-21 17:02:00 - producer_sms - DEBUG - No pending messages found
2026-06-21 17:02:01 - producer_sms - DEBUG - No pending messages found
2026-06-21 17:02:02 - producer_sms - DEBUG - No pending messages found
2026-06-21 17:02:03 - producer_sms - DEBUG - No pending messages found
2026-06-21 17:02:04 - producer_sms - DEBUG - No pending messages found
2026-06-21 17:02:05 - producer_sms - DEBUG - No pending messages found
2026-06-21 17:02:06 - producer_sms - DEBUG - No pending messages found
2026-06-21 17:02:07 - producer_sms - DEBUG - No pending messages found
2026-06-21 17:02:08 - producer_sms - DEBUG - No pending messages found
2026-06-21 17:02:09 - producer_sms - DEBUG - No pending messages found
2026-06-21 17:02:10 - producer_sms - DEBUG - No pending messages found
2026-06-21 17:02:11 - producer_sms - DEBUG - No pending messages found
2026-06-21 17:02:12 - producer_sms - DEBUG - No pending messages found
2026-06-21 17:02:13 - producer_sms - DEBUG - No pending messages found
2026-06-21 17:02:14 - producer_sms - DEBUG - No pending messages found
2026-06-21 17:02:15 - producer_sms - DEBUG - No pending messages found
2026-06-21 17:02:16 - producer_sms - DEBUG - No pending messages found
2026-06-21 17:02:17 - producer_sms - DEBUG - No pending messages found
2026-06-21 17:02:18 - producer_sms - DEBUG - No pending messages found
2026-06-21 17:02:19 - producer_sms - DEBUG - No pending messages found
2026-06-21 17:02:20 - producer_sms - DEBUG - No pending messages found
2026-06-21 17:02:21 - producer_sms - DEBUG - No pending messages found
2026-06-21 17:02:22 - producer_sms - DEBUG - No pending messages found
2026-06-21 17:02:23 - producer_sms - DEBUG - No pending messages found
2026-06-21 17:02:24 - producer_sms - DEBUG - No pending messages found
2026-06-21 17:02:25 - producer_sms - DEBUG - No pending messages found
2026-06-21 17:02:26 - producer_sms - DEBUG - No pending messages found
2026-06-21 17:02:27 - producer_sms - DEBUG - No pending messages found
2026-06-21 17:02:28 - producer_sms - DEBUG - No pending messages found
2026-06-21 17:02:29 - producer_sms - DEBUG - No pending messages found
2026-06-21 17:02:30 - producer_sms - DEBUG - No pending messages found
2026-06-21 17:02:31 - producer_sms - DEBUG - No pending messages found
2026-06-21 17:02:32 - producer_sms - DEBUG - No pending messages found
2026-06-21 17:02:33 - producer_sms - DEBUG - No pending messages found
2026-06-21 17:02:34 - producer_sms - DEBUG - No pending messages found
2026-06-21 17:02:35 - producer_sms - DEBUG - No pending messages found
2026-06-21 17:02:36 - producer_sms - DEBUG - No pending messages found
2026-06-21 17:02:37 - producer_sms - DEBUG - No pending messages found
2026-06-21 17:02:38 - producer_sms - DEBUG - No pending messages found
2026-06-21 17:02:39 - producer_sms - DEBUG - No pending messages found
2026-06-21 17:02:40 - producer_sms - DEBUG - No pending messages found
2026-06-21 17:02:41 - producer_sms - DEBUG - No pending messages found
2026-06-21 17:02:42 - producer_sms - DEBUG - No pending messages found
2026-06-21 17:02:43 - producer_sms - DEBUG - No pending messages found
2026-06-21 17:02:44 - producer_sms - DEBUG - No pending messages found
2026-06-21 17:02:45 - producer_sms - DEBUG - No pending messages found
2026-06-21 17:02:46 - producer_sms - DEBUG - No pending messages found
2026-06-21 17:02:47 - producer_sms - DEBUG - No pending messages found
2026-06-21 17:02:48 - producer_sms - DEBUG - No pending messages found
2026-06-21 17:02:49 - producer_sms - DEBUG - No pending messages found
2026-06-21 17:02:50 - producer_sms - DEBUG - No pending messages found
2026-06-21 17:02:51 - producer_sms - DEBUG - No pending messages found
2026-06-21 17:02:52 - producer_sms - DEBUG - No pending messages found
2026-06-21 17:02:53 - producer_sms - DEBUG - No pending messages found
2026-06-21 17:02:54 - producer_sms - DEBUG - No pending messages found
2026-06-21 17:02:55 - producer_sms - DEBUG - No pending messages found
2026-06-21 17:02:56 - producer_sms - DEBUG - No pending messages found
2026-06-21 17:02:58 - producer_sms - DEBUG - No pending messages found
2026-06-21 17:02:59 - producer_sms - DEBUG - No pending messages found
2026-06-21 17:03:00 - producer_sms - DEBUG - No pending messages found
2026-06-21 17:03:01 - producer_sms - DEBUG - No pending messages found
2026-06-21 17:03:02 - producer_sms - DEBUG - No pending messages found
2026-06-21 17:03:03 - producer_sms - DEBUG - No pending messages found
2026-06-21 17:03:04 - producer_sms - DEBUG - No pending messages found
2026-06-21 17:03:05 - producer_sms - DEBUG - No pending messages found
2026-06-21 17:03:06 - producer_sms - DEBUG - No pending messages found
2026-06-21 17:03:07 - producer_sms - DEBUG - No pending messages found
2026-06-21 17:03:08 - producer_sms - DEBUG - No pending messages found
2026-06-21 17:03:09 - producer_sms - DEBUG - No pending messages found
2026-06-21 17:03:10 - producer_sms - DEBUG - No pending messages found
2026-06-21 17:03:11 - producer_sms - DEBUG - No pending messages found
2026-06-21 17:03:12 - producer_sms - DEBUG - No pending messages found
2026-06-21 17:03:13 - producer_sms - DEBUG - No pending messages found
2026-06-21 17:03:14 - producer_sms - DEBUG - No pending messages found
2026-06-21 17:03:15 - producer_sms - DEBUG - No pending messages found
2026-06-21 17:03:16 - producer_sms - DEBUG - No pending messages found
2026-06-21 17:03:17 - producer_sms - DEBUG - No pending messages found
2026-06-21 17:03:18 - producer_sms - DEBUG - No pending messages found
2026-06-21 17:03:19 - producer_sms - DEBUG - No pending messages found
2026-06-21 17:03:20 - producer_sms - DEBUG - No pending messages found
2026-06-21 17:03:21 - producer_sms - DEBUG - No pending messages found
2026-06-21 17:03:22 - producer_sms - DEBUG - No pending messages found
2026-06-21 17:03:23 - producer_sms - DEBUG - No pending messages found
2026-06-21 17:03:24 - producer_sms - DEBUG - No pending messages found
2026-06-21 17:03:25 - producer_sms - DEBUG - No pending messages found
2026-06-21 17:03:26 - producer_sms - DEBUG - No pending messages found
2026-06-21 17:03:27 - producer_sms - DEBUG - No pending messages found
2026-06-21 17:03:28 - producer_sms - DEBUG - No pending messages found
2026-06-21 17:03:29 - producer_sms - DEBUG - No pending messages found
2026-06-21 17:03:30 - producer_sms - DEBUG - No pending messages found
2026-06-21 17:03:31 - producer_sms - DEBUG - No pending messages found
2026-06-21 17:03:32 - producer_sms - DEBUG - No pending messages found
2026-06-21 17:03:33 - producer_sms - DEBUG - No pending messages found
2026-06-21 17:03:34 - producer_sms - DEBUG - No pending messages found
2026-06-21 17:03:35 - producer_sms - DEBUG - No pending messages found
2026-06-21 17:03:36 - producer_sms - DEBUG - No pending messages found
2026-06-21 17:03:37 - producer_sms - DEBUG - No pending messages found
2026-06-21 17:03:38 - producer_sms - DEBUG - No pending messages found
2026-06-21 17:03:39 - producer_sms - DEBUG - No pending messages found
2026-06-21 17:03:40 - producer_sms - DEBUG - No pending messages found
2026-06-21 17:03:41 - producer_sms - DEBUG - No pending messages found
2026-06-21 17:03:42 - producer_sms - DEBUG - No pending messages found
2026-06-21 17:03:43 - producer_sms - DEBUG - No pending messages found
2026-06-21 17:03:44 - producer_sms - DEBUG - No pending messages found
2026-06-21 17:03:45 - producer_sms - DEBUG - No pending messages found
2026-06-21 17:03:46 - producer_sms - DEBUG - No pending messages found
2026-06-21 17:03:47 - producer_sms - DEBUG - No pending messages found
2026-06-21 17:03:48 - producer_sms - DEBUG - No pending messages found
2026-06-21 17:03:49 - producer_sms - DEBUG - No pending messages found
2026-06-21 17:03:50 - producer_sms - DEBUG - No pending messages found
2026-06-21 17:03:51 - producer_sms - DEBUG - No pending messages found
2026-06-21 17:03:52 - producer_sms - DEBUG - No pending messages found
2026-06-21 17:03:53 - producer_sms - DEBUG - No pending messages found
2026-06-21 17:03:54 - producer_sms - DEBUG - No pending messages found
2026-06-21 17:03:55 - producer_sms - DEBUG - No pending messages found
2026-06-21 17:03:56 - producer_sms - DEBUG - No pending messages found
2026-06-21 17:03:57 - producer_sms - DEBUG - No pending messages found
2026-06-21 17:03:58 - producer_sms - DEBUG - No pending messages found
2026-06-21 17:03:59 - producer_sms - DEBUG - No pending messages found
2026-06-21 17:04:00 - producer_sms - DEBUG - No pending messages found
2026-06-21 17:04:01 - producer_sms - DEBUG - No pending messages found
2026-06-21 17:04:02 - producer_sms - DEBUG - No pending messages found
2026-06-21 17:04:03 - producer_sms - DEBUG - No pending messages found
2026-06-21 17:04:04 - producer_sms - DEBUG - No pending messages found
2026-06-21 17:04:05 - producer_sms - DEBUG - No pending messages found
2026-06-21 17:04:06 - producer_sms - DEBUG - No pending messages found
2026-06-21 17:04:07 - producer_sms - DEBUG - No pending messages found
2026-06-21 17:04:08 - producer_sms - DEBUG - No pending messages found
2026-06-21 17:04:09 - producer_sms - DEBUG - No pending messages found
2026-06-21 17:04:10 - producer_sms - DEBUG - No pending messages found
2026-06-21 17:04:11 - producer_sms - DEBUG - No pending messages found
2026-06-21 17:04:12 - producer_sms - DEBUG - No pending messages found
2026-06-21 17:04:13 - producer_sms - DEBUG - No pending messages found
2026-06-21 17:04:14 - producer_sms - DEBUG - No pending messages found
2026-06-21 17:04:15 - producer_sms - DEBUG - No pending messages found
2026-06-21 17:04:16 - producer_sms - DEBUG - No pending messages found
2026-06-21 17:04:17 - producer_sms - DEBUG - No pending messages found
2026-06-21 17:04:18 - producer_sms - DEBUG - No pending messages found
2026-06-21 17:04:19 - producer_sms - DEBUG - No pending messages found
2026-06-21 17:04:20 - producer_sms - DEBUG - No pending messages found
2026-06-21 17:04:21 - producer_sms - DEBUG - No pending messages found
2026-06-21 17:04:22 - producer_sms - DEBUG - No pending messages found
2026-06-21 17:04:23 - producer_sms - DEBUG - No pending messages found
2026-06-21 17:04:24 - producer_sms - DEBUG - No pending messages found
2026-06-21 17:04:25 - producer_sms - DEBUG - No pending messages found
2026-06-21 17:04:26 - producer_sms - DEBUG - No pending messages found
2026-06-21 17:04:27 - producer_sms - DEBUG - No pending messages found
2026-06-21 17:04:28 - producer_sms - DEBUG - No pending messages found
2026-06-21 17:04:29 - producer_sms - DEBUG - No pending messages found
2026-06-21 17:04:30 - producer_sms - DEBUG - No pending messages found
2026-06-21 17:04:31 - producer_sms - DEBUG - No pending messages found
2026-06-21 17:04:32 - producer_sms - DEBUG - No pending messages found
2026-06-21 17:04:33 - producer_sms - DEBUG - No pending messages found
2026-06-21 17:04:34 - producer_sms - DEBUG - No pending messages found
2026-06-21 17:04:35 - producer_sms - DEBUG - No pending messages found
2026-06-21 17:04:36 - producer_sms - DEBUG - No pending messages found
2026-06-21 17:04:37 - producer_sms - DEBUG - No pending messages found
2026-06-21 17:04:38 - producer_sms - DEBUG - No pending messages found
2026-06-21 17:04:39 - producer_sms - DEBUG - No pending messages found
2026-06-21 17:04:40 - producer_sms - DEBUG - No pending messages found
2026-06-21 17:04:41 - producer_sms - DEBUG - No pending messages found
2026-06-21 17:04:42 - producer_sms - DEBUG - No pending messages found
2026-06-21 17:04:43 - producer_sms - DEBUG - No pending messages found
2026-06-21 17:04:44 - producer_sms - DEBUG - No pending messages found
2026-06-21 17:04:45 - producer_sms - DEBUG - No pending messages found
2026-06-21 17:04:46 - producer_sms - DEBUG - No pending messages found
2026-06-21 17:04:47 - producer_sms - DEBUG - No pending messages found
2026-06-21 17:04:48 - producer_sms - DEBUG - No pending messages found
2026-06-21 17:04:49 - producer_sms - DEBUG - No pending messages found
2026-06-21 17:04:50 - producer_sms - DEBUG - No pending messages found
2026-06-21 17:04:51 - producer_sms - DEBUG - No pending messages found
2026-06-21 17:04:53 - producer_sms - DEBUG - No pending messages found
2026-06-21 17:04:54 - producer_sms - DEBUG - No pending messages found
2026-06-21 17:04:55 - producer_sms - DEBUG - No pending messages found
2026-06-21 17:04:56 - producer_sms - DEBUG - No pending messages found
2026-06-21 17:04:57 - producer_sms - DEBUG - No pending messages found
2026-06-21 17:04:58 - producer_sms - DEBUG - No pending messages found
2026-06-21 17:04:59 - producer_sms - DEBUG - No pending messages found
2026-06-21 17:05:00 - producer_sms - DEBUG - No pending messages found
2026-06-21 17:05:01 - producer_sms - DEBUG - No pending messages found
2026-06-21 17:05:02 - producer_sms - DEBUG - No pending messages found
2026-06-21 17:05:03 - producer_sms - DEBUG - No pending messages found
2026-06-21 17:05:04 - producer_sms - DEBUG - No pending messages found
2026-06-21 17:05:05 - producer_sms - DEBUG - No pending messages found
2026-06-21 17:05:06 - producer_sms - DEBUG - No pending messages found
2026-06-21 17:05:07 - producer_sms - DEBUG - No pending messages found
2026-06-21 17:05:08 - producer_sms - DEBUG - No pending messages found
2026-06-21 17:05:09 - producer_sms - DEBUG - No pending messages found
2026-06-21 17:05:10 - producer_sms - DEBUG - No pending messages found
2026-06-21 17:05:11 - producer_sms - DEBUG - No pending messages found
2026-06-21 17:05:12 - producer_sms - DEBUG - No pending messages found
2026-06-21 17:05:13 - producer_sms - DEBUG - No pending messages found
2026-06-21 17:05:14 - producer_sms - DEBUG - No pending messages found
2026-06-21 17:05:15 - producer_sms - DEBUG - No pending messages found
2026-06-21 17:05:16 - producer_sms - DEBUG - No pending messages found
2026-06-21 17:05:17 - producer_sms - DEBUG - No pending messages found
2026-06-21 17:05:18 - producer_sms - DEBUG - No pending messages found
2026-06-21 17:05:19 - producer_sms - DEBUG - No pending messages found
2026-06-21 17:05:20 - producer_sms - DEBUG - No pending messages found
2026-06-21 17:05:21 - producer_sms - DEBUG - No pending messages found
2026-06-21 17:05:22 - producer_sms - DEBUG - No pending messages found
2026-06-21 17:05:23 - producer_sms - DEBUG - No pending messages found
2026-06-21 17:05:24 - producer_sms - DEBUG - No pending messages found
2026-06-21 17:05:25 - producer_sms - DEBUG - No pending messages found
2026-06-21 17:05:26 - producer_sms - DEBUG - No pending messages found
2026-06-21 17:05:27 - producer_sms - DEBUG - No pending messages found
2026-06-21 17:05:28 - producer_sms - DEBUG - No pending messages found
2026-06-21 17:05:29 - producer_sms - DEBUG - No pending messages found
2026-06-21 17:05:30 - producer_sms - DEBUG - No pending messages found
2026-06-21 17:05:31 - producer_sms - DEBUG - No pending messages found
2026-06-21 17:05:32 - producer_sms - DEBUG - No pending messages found
2026-06-21 17:05:33 - producer_sms - DEBUG - No pending messages found
2026-06-21 17:05:34 - producer_sms - DEBUG - No pending messages found
2026-06-21 17:05:35 - producer_sms - DEBUG - No pending messages found
2026-06-21 17:05:36 - producer_sms - DEBUG - No pending messages found
2026-06-21 17:05:37 - producer_sms - DEBUG - No pending messages found
2026-06-21 17:05:38 - producer_sms - DEBUG - No pending messages found
2026-06-21 17:05:39 - producer_sms - DEBUG - No pending messages found
2026-06-21 17:05:40 - producer_sms - DEBUG - No pending messages found
2026-06-21 17:05:41 - producer_sms - DEBUG - No pending messages found
2026-06-21 17:05:42 - producer_sms - DEBUG - No pending messages found
2026-06-21 17:05:43 - producer_sms - DEBUG - No pending messages found
2026-06-21 17:05:44 - producer_sms - DEBUG - No pending messages found
2026-06-21 17:05:45 - producer_sms - DEBUG - No pending messages found
2026-06-21 17:05:46 - producer_sms - DEBUG - No pending messages found
2026-06-21 17:05:47 - producer_sms - DEBUG - No pending messages found
2026-06-21 17:05:48 - producer_sms - DEBUG - No pending messages found
2026-06-21 17:05:49 - producer_sms - DEBUG - No pending messages found
2026-06-21 17:05:50 - producer_sms - DEBUG - No pending messages found
2026-06-21 17:05:51 - producer_sms - DEBUG - No pending messages found
2026-06-21 17:05:52 - producer_sms - DEBUG - No pending messages found
2026-06-21 17:05:53 - producer_sms - DEBUG - No pending messages found
2026-06-21 17:05:54 - producer_sms - DEBUG - No pending messages found
2026-06-21 17:05:55 - producer_sms - DEBUG - No pending messages found
2026-06-21 17:05:56 - producer_sms - DEBUG - No pending messages found
2026-06-21 17:05:57 - producer_sms - DEBUG - No pending messages found
2026-06-21 17:05:58 - producer_sms - DEBUG - No pending messages found
2026-06-21 17:05:59 - producer_sms - DEBUG - No pending messages found
2026-06-21 17:06:00 - producer_sms - DEBUG - No pending messages found
2026-06-21 17:06:01 - producer_sms - DEBUG - No pending messages found
2026-06-21 17:06:02 - producer_sms - DEBUG - No pending messages found
2026-06-21 17:06:03 - producer_sms - DEBUG - No pending messages found
2026-06-21 17:06:04 - producer_sms - DEBUG - No pending messages found
2026-06-21 17:06:05 - producer_sms - DEBUG - No pending messages found
2026-06-21 17:06:06 - producer_sms - DEBUG - No pending messages found
2026-06-21 17:06:07 - producer_sms - DEBUG - No pending messages found
2026-06-21 17:06:08 - producer_sms - DEBUG - No pending messages found
2026-06-21 17:06:09 - producer_sms - DEBUG - No pending messages found
2026-06-21 17:06:10 - producer_sms - DEBUG - No pending messages found
2026-06-21 17:06:11 - producer_sms - DEBUG - No pending messages found
2026-06-21 17:06:12 - producer_sms - DEBUG - No pending messages found
2026-06-21 17:06:13 - producer_sms - DEBUG - No pending messages found
2026-06-21 17:06:14 - producer_sms - DEBUG - No pending messages found
2026-06-21 17:06:15 - producer_sms - DEBUG - No pending messages found
2026-06-21 17:06:16 - producer_sms - DEBUG - No pending messages found
2026-06-21 17:06:17 - producer_sms - DEBUG - No pending messages found
2026-06-21 17:06:18 - producer_sms - DEBUG - No pending messages found
2026-06-21 17:06:19 - producer_sms - DEBUG - No pending messages found
2026-06-21 17:06:20 - producer_sms - DEBUG - No pending messages found
2026-06-21 17:06:21 - producer_sms - DEBUG - No pending messages found
2026-06-21 17:06:22 - producer_sms - DEBUG - No pending messages found
2026-06-21 17:06:23 - producer_sms - DEBUG - No pending messages found
2026-06-21 17:06:24 - producer_sms - DEBUG - No pending messages found
2026-06-21 17:06:25 - producer_sms - DEBUG - No pending messages found
2026-06-21 17:06:26 - producer_sms - DEBUG - No pending messages found
2026-06-21 17:06:27 - producer_sms - DEBUG - No pending messages found
2026-06-21 17:06:28 - producer_sms - DEBUG - No pending messages found
2026-06-21 17:06:29 - producer_sms - DEBUG - No pending messages found
2026-06-21 17:06:31 - producer_sms - DEBUG - No pending messages found
2026-06-21 17:06:32 - producer_sms - DEBUG - No pending messages found
2026-06-21 17:06:33 - producer_sms - DEBUG - No pending messages found
2026-06-21 17:06:34 - producer_sms - DEBUG - No pending messages found
2026-06-21 17:06:35 - producer_sms - DEBUG - No pending messages found
2026-06-21 17:06:36 - producer_sms - DEBUG - No pending messages found
2026-06-21 17:06:37 - producer_sms - DEBUG - No pending messages found
2026-06-21 17:06:38 - producer_sms - DEBUG - No pending messages found
2026-06-21 17:06:39 - producer_sms - DEBUG - No pending messages found
2026-06-21 17:06:40 - producer_sms - DEBUG - No pending messages found
2026-06-21 17:06:41 - producer_sms - DEBUG - No pending messages found
2026-06-21 17:06:42 - producer_sms - DEBUG - No pending messages found
2026-06-21 17:06:43 - producer_sms - DEBUG - No pending messages found
2026-06-21 17:06:44 - producer_sms - DEBUG - No pending messages found
2026-06-21 17:06:45 - producer_sms - DEBUG - No pending messages found
2026-06-21 17:06:46 - producer_sms - DEBUG - No pending messages found
2026-06-21 17:06:47 - producer_sms - DEBUG - No pending messages found
2026-06-21 17:06:48 - producer_sms - DEBUG - No pending messages found
2026-06-21 17:06:49 - producer_sms - DEBUG - No pending messages found
2026-06-21 17:06:50 - producer_sms - DEBUG - No pending messages found
2026-06-21 17:06:51 - producer_sms - DEBUG - No pending messages found
2026-06-21 17:06:52 - producer_sms - DEBUG - No pending messages found
2026-06-21 17:06:53 - producer_sms - DEBUG - No pending messages found
2026-06-21 17:06:54 - producer_sms - DEBUG - No pending messages found
2026-06-21 17:06:55 - producer_sms - DEBUG - No pending messages found
2026-06-21 17:06:56 - producer_sms - DEBUG - No pending messages found
2026-06-21 17:06:57 - producer_sms - DEBUG - No pending messages found
2026-06-21 17:06:58 - producer_sms - DEBUG - No pending messages found
2026-06-21 17:06:59 - producer_sms - DEBUG - No pending messages found
2026-06-21 17:07:00 - producer_sms - DEBUG - No pending messages found
2026-06-21 17:07:01 - producer_sms - DEBUG - No pending messages found
2026-06-21 17:07:02 - producer_sms - DEBUG - No pending messages found
2026-06-21 17:07:03 - producer_sms - DEBUG - No pending messages found
2026-06-21 17:07:04 - producer_sms - DEBUG - No pending messages found
2026-06-21 17:07:05 - producer_sms - DEBUG - No pending messages found
2026-06-21 17:07:06 - producer_sms - DEBUG - No pending messages found
2026-06-21 17:07:07 - producer_sms - DEBUG - No pending messages found
2026-06-21 17:07:08 - producer_sms - DEBUG - No pending messages found
2026-06-21 17:07:09 - producer_sms - DEBUG - No pending messages found
2026-06-21 17:07:10 - producer_sms - DEBUG - No pending messages found
2026-06-21 17:07:11 - producer_sms - DEBUG - No pending messages found
2026-06-21 17:07:12 - producer_sms - DEBUG - No pending messages found
2026-06-21 17:07:13 - producer_sms - DEBUG - No pending messages found
2026-06-21 17:07:14 - producer_sms - DEBUG - No pending messages found
2026-06-21 17:07:15 - producer_sms - DEBUG - No pending messages found
2026-06-21 17:07:16 - producer_sms - DEBUG - No pending messages found
2026-06-21 17:07:17 - producer_sms - DEBUG - No pending messages found
2026-06-21 17:07:18 - producer_sms - DEBUG - No pending messages found
2026-06-21 17:07:19 - producer_sms - DEBUG - No pending messages found
2026-06-21 17:07:20 - producer_sms - DEBUG - No pending messages found
2026-06-21 17:07:21 - producer_sms - DEBUG - No pending messages found
2026-06-21 17:07:22 - producer_sms - DEBUG - No pending messages found
2026-06-21 17:07:23 - producer_sms - DEBUG - No pending messages found
2026-06-21 17:07:24 - producer_sms - DEBUG - No pending messages found
2026-06-21 17:07:25 - producer_sms - DEBUG - No pending messages found
2026-06-21 17:07:26 - producer_sms - DEBUG - No pending messages found
2026-06-21 17:07:27 - producer_sms - DEBUG - No pending messages found
2026-06-21 17:07:28 - producer_sms - DEBUG - No pending messages found
2026-06-21 17:07:29 - producer_sms - DEBUG - No pending messages found
2026-06-21 17:07:30 - producer_sms - DEBUG - No pending messages found
2026-06-21 17:07:31 - producer_sms - DEBUG - No pending messages found
2026-06-21 17:07:32 - producer_sms - DEBUG - No pending messages found
2026-06-21 17:07:33 - producer_sms - DEBUG - No pending messages found
2026-06-21 17:07:34 - producer_sms - DEBUG - No pending messages found
2026-06-21 17:07:35 - producer_sms - DEBUG - No pending messages found
2026-06-21 17:07:36 - producer_sms - DEBUG - No pending messages found
2026-06-21 17:07:37 - producer_sms - DEBUG - No pending messages found
2026-06-21 17:07:38 - producer_sms - DEBUG - No pending messages found
2026-06-21 17:07:39 - producer_sms - DEBUG - No pending messages found
2026-06-21 17:07:40 - producer_sms - DEBUG - No pending messages found
2026-06-21 17:07:41 - producer_sms - DEBUG - No pending messages found
2026-06-21 17:07:42 - producer_sms - DEBUG - No pending messages found
2026-06-21 17:07:43 - producer_sms - DEBUG - No pending messages found
2026-06-21 17:07:44 - producer_sms - DEBUG - No pending messages found
2026-06-21 17:07:45 - producer_sms - DEBUG - No pending messages found
2026-06-21 17:07:46 - producer_sms - DEBUG - No pending messages found
2026-06-21 17:07:47 - producer_sms - DEBUG - No pending messages found
2026-06-21 17:07:48 - producer_sms - DEBUG - No pending messages found
2026-06-21 17:07:49 - producer_sms - DEBUG - No pending messages found
2026-06-21 17:07:50 - producer_sms - DEBUG - No pending messages found
2026-06-21 17:07:51 - producer_sms - DEBUG - No pending messages found
2026-06-21 17:07:52 - producer_sms - DEBUG - No pending messages found
2026-06-21 17:07:53 - producer_sms - DEBUG - No pending messages found
2026-06-21 17:07:54 - producer_sms - DEBUG - No pending messages found
2026-06-21 17:07:55 - producer_sms - DEBUG - No pending messages found
2026-06-21 17:07:56 - producer_sms - DEBUG - No pending messages found
2026-06-21 17:07:57 - producer_sms - DEBUG - No pending messages found
2026-06-21 17:07:58 - producer_sms - DEBUG - No pending messages found
2026-06-21 17:07:59 - producer_sms - DEBUG - No pending messages found
2026-06-21 17:08:00 - producer_sms - DEBUG - No pending messages found
2026-06-21 17:08:01 - producer_sms - DEBUG - No pending messages found
2026-06-21 17:08:02 - producer_sms - DEBUG - No pending messages found
2026-06-21 17:08:03 - producer_sms - DEBUG - No pending messages found
2026-06-21 17:08:04 - producer_sms - DEBUG - No pending messages found
2026-06-21 17:08:05 - producer_sms - DEBUG - No pending messages found
2026-06-21 17:08:06 - producer_sms - DEBUG - No pending messages found
2026-06-21 17:08:07 - producer_sms - DEBUG - No pending messages found
2026-06-21 17:08:08 - producer_sms - DEBUG - No pending messages found
2026-06-21 17:08:09 - producer_sms - DEBUG - No pending messages found
2026-06-21 17:08:10 - producer_sms - DEBUG - No pending messages found
2026-06-21 17:08:11 - producer_sms - DEBUG - No pending messages found
2026-06-21 17:08:12 - producer_sms - DEBUG - No pending messages found
2026-06-21 17:08:13 - producer_sms - DEBUG - No pending messages found
2026-06-21 17:08:14 - producer_sms - DEBUG - No pending messages found
2026-06-21 17:08:15 - producer_sms - DEBUG - No pending messages found
2026-06-21 17:08:16 - producer_sms - DEBUG - No pending messages found
2026-06-21 17:08:17 - producer_sms - DEBUG - No pending messages found
2026-06-21 17:08:18 - producer_sms - DEBUG - No pending messages found
2026-06-21 17:08:19 - producer_sms - DEBUG - No pending messages found
2026-06-21 17:08:20 - producer_sms - DEBUG - No pending messages found
2026-06-21 17:08:21 - producer_sms - DEBUG - No pending messages found
2026-06-21 17:08:22 - producer_sms - DEBUG - No pending messages found
2026-06-21 17:08:23 - producer_sms - DEBUG - No pending messages found
2026-06-21 17:08:24 - producer_sms - DEBUG - No pending messages found
2026-06-21 17:08:25 - producer_sms - DEBUG - No pending messages found
2026-06-21 17:08:26 - producer_sms - DEBUG - No pending messages found
2026-06-21 17:08:27 - producer_sms - DEBUG - No pending messages found
2026-06-21 17:08:28 - producer_sms - DEBUG - No pending messages found
2026-06-21 17:08:29 - producer_sms - DEBUG - No pending messages found
2026-06-21 17:08:30 - producer_sms - DEBUG - No pending messages found
2026-06-21 17:08:31 - producer_sms - DEBUG - No pending messages found
2026-06-21 17:08:32 - producer_sms - DEBUG - No pending messages found
2026-06-21 17:08:33 - producer_sms - DEBUG - No pending messages found
2026-06-21 17:08:34 - producer_sms - DEBUG - No pending messages found
2026-06-21 17:08:35 - producer_sms - DEBUG - No pending messages found
2026-06-21 17:08:36 - producer_sms - DEBUG - No pending messages found
2026-06-21 17:08:37 - producer_sms - DEBUG - No pending messages found
2026-06-21 17:08:38 - producer_sms - DEBUG - No pending messages found
2026-06-21 17:08:39 - producer_sms - DEBUG - No pending messages found
2026-06-21 17:08:40 - producer_sms - DEBUG - No pending messages found
2026-06-21 17:08:41 - producer_sms - DEBUG - No pending messages found
2026-06-21 17:08:42 - producer_sms - DEBUG - No pending messages found
2026-06-21 17:08:43 - producer_sms - DEBUG - No pending messages found
2026-06-21 17:08:44 - producer_sms - DEBUG - No pending messages found
2026-06-21 17:08:45 - producer_sms - DEBUG - No pending messages found
2026-06-21 17:08:46 - producer_sms - DEBUG - No pending messages found
2026-06-21 17:08:47 - producer_sms - DEBUG - No pending messages found
2026-06-21 17:08:48 - producer_sms - DEBUG - No pending messages found
2026-06-21 17:08:49 - producer_sms - DEBUG - No pending messages found
2026-06-21 17:08:50 - producer_sms - DEBUG - No pending messages found
2026-06-21 17:08:51 - producer_sms - DEBUG - No pending messages found
2026-06-21 17:08:52 - producer_sms - DEBUG - No pending messages found
2026-06-21 17:08:53 - producer_sms - DEBUG - No pending messages found
2026-06-21 17:08:54 - producer_sms - DEBUG - No pending messages found
2026-06-21 17:08:55 - producer_sms - DEBUG - No pending messages found
2026-06-21 17:08:56 - producer_sms - DEBUG - No pending messages found
2026-06-21 17:08:57 - producer_sms - DEBUG - No pending messages found
2026-06-21 17:08:58 - producer_sms - DEBUG - No pending messages found
2026-06-21 17:08:59 - producer_sms - DEBUG - No pending messages found
2026-06-21 17:09:00 - producer_sms - DEBUG - No pending messages found
2026-06-21 17:09:01 - producer_sms - DEBUG - No pending messages found
2026-06-21 17:09:02 - producer_sms - DEBUG - No pending messages found
2026-06-21 17:09:03 - producer_sms - DEBUG - No pending messages found
2026-06-21 17:09:04 - producer_sms - DEBUG - No pending messages found
2026-06-21 17:09:05 - producer_sms - DEBUG - No pending messages found
2026-06-21 17:09:06 - producer_sms - DEBUG - No pending messages found
2026-06-21 17:09:07 - producer_sms - DEBUG - No pending messages found
2026-06-21 17:09:09 - producer_sms - DEBUG - No pending messages found
2026-06-21 17:09:10 - producer_sms - DEBUG - No pending messages found
2026-06-21 17:09:11 - producer_sms - DEBUG - No pending messages found
2026-06-21 17:09:12 - producer_sms - DEBUG - No pending messages found
2026-06-21 17:09:13 - producer_sms - DEBUG - No pending messages found
2026-06-21 17:09:14 - producer_sms - DEBUG - No pending messages found
2026-06-21 17:09:15 - producer_sms - DEBUG - No pending messages found
2026-06-21 17:09:16 - producer_sms - DEBUG - No pending messages found
2026-06-21 17:09:17 - producer_sms - DEBUG - No pending messages found
2026-06-21 17:09:18 - producer_sms - DEBUG - No pending messages found
2026-06-21 17:09:19 - producer_sms - DEBUG - No pending messages found
2026-06-21 17:09:20 - producer_sms - DEBUG - No pending messages found
2026-06-21 17:09:21 - producer_sms - DEBUG - No pending messages found
2026-06-21 17:09:22 - producer_sms - DEBUG - No pending messages found
2026-06-21 17:09:23 - producer_sms - DEBUG - No pending messages found
2026-06-21 17:09:24 - producer_sms - DEBUG - No pending messages found
2026-06-21 17:09:25 - producer_sms - DEBUG - No pending messages found
2026-06-21 17:09:26 - producer_sms - DEBUG - No pending messages found
2026-06-21 17:09:27 - producer_sms - DEBUG - No pending messages found
2026-06-21 17:09:28 - producer_sms - DEBUG - No pending messages found
2026-06-21 17:09:29 - producer_sms - DEBUG - No pending messages found
2026-06-21 17:09:30 - producer_sms - DEBUG - No pending messages found
2026-06-21 17:09:31 - producer_sms - DEBUG - No pending messages found
2026-06-21 17:09:32 - producer_sms - DEBUG - No pending messages found
2026-06-21 17:09:33 - producer_sms - DEBUG - No pending messages found
2026-06-21 17:09:34 - producer_sms - DEBUG - No pending messages found
2026-06-21 17:09:35 - producer_sms - DEBUG - No pending messages found
2026-06-21 17:09:36 - producer_sms - DEBUG - No pending messages found
2026-06-21 17:09:37 - producer_sms - DEBUG - No pending messages found
2026-06-21 17:09:38 - producer_sms - DEBUG - No pending messages found
2026-06-21 17:09:39 - producer_sms - DEBUG - No pending messages found
2026-06-21 17:09:40 - producer_sms - DEBUG - No pending messages found
2026-06-21 17:09:41 - producer_sms - DEBUG - No pending messages found
2026-06-21 17:09:42 - producer_sms - DEBUG - No pending messages found
2026-06-21 17:09:43 - producer_sms - DEBUG - No pending messages found
2026-06-21 17:09:44 - producer_sms - DEBUG - No pending messages found
2026-06-21 17:09:45 - producer_sms - DEBUG - No pending messages found
2026-06-21 17:09:46 - producer_sms - DEBUG - No pending messages found
2026-06-21 17:09:47 - producer_sms - DEBUG - No pending messages found
2026-06-21 17:09:48 - producer_sms - DEBUG - No pending messages found
2026-06-21 17:09:49 - producer_sms - DEBUG - No pending messages found
2026-06-21 17:09:50 - producer_sms - DEBUG - No pending messages found
2026-06-21 17:09:51 - producer_sms - DEBUG - No pending messages found
2026-06-21 17:09:52 - producer_sms - DEBUG - No pending messages found
2026-06-21 17:09:53 - producer_sms - DEBUG - No pending messages found
2026-06-21 17:09:54 - producer_sms - DEBUG - No pending messages found
2026-06-21 17:09:55 - producer_sms - DEBUG - No pending messages found
2026-06-21 17:09:56 - producer_sms - DEBUG - No pending messages found
2026-06-21 17:09:57 - producer_sms - DEBUG - No pending messages found
2026-06-21 17:09:59 - producer_sms - DEBUG - No pending messages found
2026-06-21 17:10:00 - producer_sms - DEBUG - No pending messages found
2026-06-21 17:10:01 - producer_sms - DEBUG - No pending messages found
2026-06-21 17:10:02 - producer_sms - DEBUG - No pending messages found
2026-06-21 17:10:03 - producer_sms - DEBUG - No pending messages found
2026-06-21 17:10:04 - producer_sms - DEBUG - No pending messages found
2026-06-21 17:10:05 - producer_sms - DEBUG - No pending messages found
2026-06-21 17:10:06 - producer_sms - DEBUG - No pending messages found
2026-06-21 17:10:07 - producer_sms - DEBUG - No pending messages found
2026-06-21 17:10:08 - producer_sms - DEBUG - No pending messages found
2026-06-21 17:10:09 - producer_sms - DEBUG - No pending messages found
2026-06-21 17:10:10 - producer_sms - DEBUG - No pending messages found
2026-06-21 17:10:11 - producer_sms - DEBUG - No pending messages found
2026-06-21 17:10:12 - producer_sms - DEBUG - No pending messages found
2026-06-21 17:10:13 - producer_sms - DEBUG - No pending messages found
2026-06-21 17:10:14 - producer_sms - DEBUG - No pending messages found
2026-06-21 17:10:15 - producer_sms - DEBUG - No pending messages found
2026-06-21 17:10:16 - producer_sms - DEBUG - No pending messages found
2026-06-21 17:10:17 - producer_sms - DEBUG - No pending messages found
2026-06-21 17:10:18 - producer_sms - DEBUG - No pending messages found
2026-06-21 17:10:19 - producer_sms - DEBUG - No pending messages found
2026-06-21 17:10:21 - producer_sms - DEBUG - No pending messages found
2026-06-21 17:10:22 - producer_sms - DEBUG - No pending messages found
2026-06-21 17:10:23 - producer_sms - DEBUG - No pending messages found
2026-06-21 17:10:24 - producer_sms - DEBUG - No pending messages found
2026-06-21 17:10:25 - producer_sms - DEBUG - No pending messages found
2026-06-21 17:10:26 - producer_sms - DEBUG - No pending messages found
2026-06-21 17:10:27 - producer_sms - DEBUG - No pending messages found
2026-06-21 17:10:28 - producer_sms - DEBUG - No pending messages found
2026-06-21 17:10:29 - producer_sms - DEBUG - No pending messages found
2026-06-21 17:10:30 - producer_sms - DEBUG - No pending messages found
2026-06-21 17:10:31 - producer_sms - DEBUG - No pending messages found
2026-06-21 17:10:32 - producer_sms - DEBUG - No pending messages found
2026-06-21 17:10:33 - producer_sms - DEBUG - No pending messages found
2026-06-21 17:10:34 - producer_sms - DEBUG - No pending messages found
2026-06-21 17:10:35 - producer_sms - DEBUG - No pending messages found
2026-06-21 17:10:36 - producer_sms - DEBUG - No pending messages found
2026-06-21 17:10:37 - producer_sms - DEBUG - No pending messages found
2026-06-21 17:10:38 - producer_sms - DEBUG - No pending messages found
2026-06-21 17:10:39 - producer_sms - DEBUG - No pending messages found
2026-06-21 17:10:40 - producer_sms - DEBUG - No pending messages found
2026-06-21 17:10:41 - producer_sms - DEBUG - No pending messages found
2026-06-21 17:10:42 - producer_sms - DEBUG - No pending messages found
2026-06-21 17:10:43 - producer_sms - DEBUG - No pending messages found
2026-06-21 17:10:44 - producer_sms - DEBUG - No pending messages found
2026-06-21 17:10:45 - producer_sms - DEBUG - No pending messages found
2026-06-21 17:10:46 - producer_sms - DEBUG - No pending messages found
2026-06-21 17:10:47 - producer_sms - DEBUG - No pending messages found
2026-06-21 17:10:48 - producer_sms - DEBUG - No pending messages found
2026-06-21 17:10:49 - producer_sms - DEBUG - No pending messages found
2026-06-21 17:10:50 - producer_sms - DEBUG - No pending messages found
2026-06-21 17:10:51 - producer_sms - DEBUG - No pending messages found
2026-06-21 17:10:52 - producer_sms - DEBUG - No pending messages found
2026-06-21 17:10:53 - producer_sms - DEBUG - No pending messages found
2026-06-21 17:10:54 - producer_sms - DEBUG - No pending messages found
2026-06-21 17:10:55 - producer_sms - DEBUG - No pending messages found
2026-06-21 17:10:56 - producer_sms - DEBUG - No pending messages found
2026-06-21 17:10:57 - producer_sms - DEBUG - No pending messages found
2026-06-21 17:10:58 - producer_sms - DEBUG - No pending messages found
2026-06-21 17:10:59 - producer_sms - DEBUG - No pending messages found
2026-06-21 17:11:00 - producer_sms - DEBUG - No pending messages found
2026-06-21 17:11:01 - producer_sms - DEBUG - No pending messages found
2026-06-21 17:11:02 - producer_sms - DEBUG - No pending messages found
2026-06-21 17:11:03 - producer_sms - DEBUG - No pending messages found
2026-06-21 17:11:04 - producer_sms - DEBUG - No pending messages found
2026-06-21 17:11:06 - producer_sms - DEBUG - No pending messages found
2026-06-21 17:11:07 - producer_sms - INFO - 📊 Poll #0 - Found 1 pending messages
2026-06-21 17:11:07 - producer_sms - INFO - ✅ Committed 1 messages | Total produced: 1
2026-06-21 17:11:07 - producer_sms - INFO - ⏳ Batch complete. Waiting 2 seconds before next pull...
2026-06-21 17:11:09 - producer_sms - DEBUG - No pending messages found
2026-06-21 17:11:10 - producer_sms - DEBUG - No pending messages found
2026-06-21 17:11:11 - producer_sms - DEBUG - No pending messages found
2026-06-21 17:11:12 - producer_sms - DEBUG - No pending messages found
2026-06-21 17:11:13 - producer_sms - DEBUG - No pending messages found
2026-06-21 17:11:14 - producer_sms - DEBUG - No pending messages found
2026-06-21 17:11:15 - producer_sms - DEBUG - No pending messages found
2026-06-21 17:11:16 - producer_sms - DEBUG - No pending messages found
2026-06-21 17:11:17 - producer_sms - DEBUG - No pending messages found
2026-06-21 17:11:18 - producer_sms - DEBUG - No pending messages found
2026-06-21 17:11:19 - producer_sms - DEBUG - No pending messages found
2026-06-21 17:11:20 - producer_sms - DEBUG - No pending messages found
2026-06-21 17:11:21 - producer_sms - DEBUG - No pending messages found
2026-06-21 17:11:22 - producer_sms - DEBUG - No pending messages found
2026-06-21 17:11:23 - producer_sms - DEBUG - No pending messages found
2026-06-21 17:11:24 - producer_sms - DEBUG - No pending messages found
2026-06-21 17:11:25 - producer_sms - DEBUG - No pending messages found
2026-06-21 17:11:26 - producer_sms - DEBUG - No pending messages found
2026-06-21 17:11:27 - producer_sms - DEBUG - No pending messages found
2026-06-21 17:11:28 - producer_sms - DEBUG - No pending messages found
2026-06-21 17:11:29 - producer_sms - DEBUG - No pending messages found
2026-06-21 17:11:30 - producer_sms - DEBUG - No pending messages found
2026-06-21 17:11:31 - producer_sms - DEBUG - No pending messages found
2026-06-21 17:11:32 - producer_sms - DEBUG - No pending messages found
2026-06-21 17:11:33 - producer_sms - DEBUG - No pending messages found
2026-06-21 17:11:34 - producer_sms - DEBUG - No pending messages found
2026-06-21 17:11:35 - producer_sms - DEBUG - No pending messages found
2026-06-21 17:11:36 - producer_sms - DEBUG - No pending messages found
2026-06-21 17:11:37 - producer_sms - DEBUG - No pending messages found
2026-06-21 17:11:38 - producer_sms - DEBUG - No pending messages found
2026-06-21 17:11:39 - producer_sms - DEBUG - No pending messages found
2026-06-21 17:11:40 - producer_sms - DEBUG - No pending messages found
2026-06-21 17:11:41 - producer_sms - DEBUG - No pending messages found
2026-06-21 17:11:42 - producer_sms - DEBUG - No pending messages found
2026-06-21 17:11:43 - producer_sms - DEBUG - No pending messages found
2026-06-21 17:11:44 - producer_sms - DEBUG - No pending messages found
2026-06-21 17:11:45 - producer_sms - DEBUG - No pending messages found
2026-06-21 17:11:46 - producer_sms - DEBUG - No pending messages found
2026-06-21 17:11:47 - producer_sms - DEBUG - No pending messages found
2026-06-21 17:11:48 - producer_sms - DEBUG - No pending messages found
2026-06-21 17:11:49 - producer_sms - DEBUG - No pending messages found
2026-06-21 17:11:51 - producer_sms - DEBUG - No pending messages found
2026-06-21 17:11:52 - producer_sms - DEBUG - No pending messages found
2026-06-21 17:11:53 - producer_sms - DEBUG - No pending messages found
2026-06-21 17:11:54 - producer_sms - DEBUG - No pending messages found
2026-06-21 17:11:55 - producer_sms - DEBUG - No pending messages found
2026-06-21 17:11:56 - producer_sms - DEBUG - No pending messages found
2026-06-21 17:11:57 - producer_sms - DEBUG - No pending messages found
2026-06-21 17:11:58 - producer_sms - DEBUG - No pending messages found
2026-06-21 17:11:59 - producer_sms - DEBUG - No pending messages found
2026-06-21 17:12:00 - producer_sms - DEBUG - No pending messages found
2026-06-21 17:12:01 - producer_sms - DEBUG - No pending messages found
2026-06-21 17:12:02 - producer_sms - DEBUG - No pending messages found
2026-06-21 17:12:03 - producer_sms - DEBUG - No pending messages found
2026-06-21 17:12:04 - producer_sms - DEBUG - No pending messages found
2026-06-21 17:12:06 - producer_sms - DEBUG - No pending messages found
2026-06-21 17:12:07 - producer_sms - DEBUG - No pending messages found
2026-06-21 17:12:08 - producer_sms - DEBUG - No pending messages found
2026-06-21 17:12:09 - producer_sms - DEBUG - No pending messages found
2026-06-21 17:12:10 - producer_sms - DEBUG - No pending messages found
2026-06-21 17:12:11 - producer_sms - DEBUG - No pending messages found
2026-06-21 17:12:12 - producer_sms - DEBUG - No pending messages found
2026-06-21 17:12:13 - producer_sms - DEBUG - No pending messages found
2026-06-21 17:12:14 - producer_sms - DEBUG - No pending messages found
2026-06-21 17:12:15 - producer_sms - DEBUG - No pending messages found
2026-06-21 17:12:16 - producer_sms - DEBUG - No pending messages found
2026-06-21 17:12:17 - producer_sms - DEBUG - No pending messages found
2026-06-21 17:12:18 - producer_sms - DEBUG - No pending messages found
2026-06-21 17:12:19 - producer_sms - DEBUG - No pending messages found
2026-06-21 17:12:20 - producer_sms - DEBUG - No pending messages found
2026-06-21 17:12:21 - producer_sms - DEBUG - No pending messages found
2026-06-21 17:12:22 - producer_sms - DEBUG - No pending messages found
2026-06-21 17:12:23 - producer_sms - DEBUG - No pending messages found
2026-06-21 17:12:24 - producer_sms - DEBUG - No pending messages found
2026-06-21 17:12:25 - producer_sms - DEBUG - No pending messages found
2026-06-21 17:12:26 - producer_sms - DEBUG - No pending messages found
2026-06-21 17:12:27 - producer_sms - DEBUG - No pending messages found
2026-06-21 17:12:28 - producer_sms - DEBUG - No pending messages found
2026-06-21 17:12:29 - producer_sms - DEBUG - No pending messages found
2026-06-21 17:12:30 - producer_sms - DEBUG - No pending messages found
2026-06-21 17:12:31 - producer_sms - DEBUG - No pending messages found
2026-06-21 17:12:32 - producer_sms - DEBUG - No pending messages found
2026-06-21 17:12:33 - producer_sms - DEBUG - No pending messages found
2026-06-21 17:12:34 - producer_sms - DEBUG - No pending messages found
2026-06-21 17:12:36 - producer_sms - DEBUG - No pending messages found
2026-06-21 17:12:37 - producer_sms - DEBUG - No pending messages found
2026-06-21 17:12:38 - producer_sms - DEBUG - No pending messages found
2026-06-21 17:12:39 - producer_sms - DEBUG - No pending messages found
2026-06-21 17:12:40 - producer_sms - DEBUG - No pending messages found
2026-06-21 17:12:41 - producer_sms - DEBUG - No pending messages found
2026-06-21 17:12:42 - producer_sms - DEBUG - No pending messages found
2026-06-21 17:12:43 - producer_sms - DEBUG - No pending messages found
2026-06-21 17:12:45 - producer_sms - DEBUG - No pending messages found
2026-06-21 17:12:46 - producer_sms - DEBUG - No pending messages found
2026-06-21 17:12:47 - producer_sms - DEBUG - No pending messages found
2026-06-21 17:12:48 - producer_sms - DEBUG - No pending messages found
2026-06-21 17:12:49 - producer_sms - DEBUG - No pending messages found
2026-06-21 17:12:50 - producer_sms - DEBUG - No pending messages found
2026-06-21 17:12:51 - producer_sms - DEBUG - No pending messages found
2026-06-21 17:12:52 - producer_sms - DEBUG - No pending messages found
2026-06-21 17:12:53 - producer_sms - DEBUG - No pending messages found
2026-06-21 17:12:54 - producer_sms - DEBUG - No pending messages found
2026-06-21 17:12:55 - producer_sms - DEBUG - No pending messages found
2026-06-21 17:12:56 - producer_sms - DEBUG - No pending messages found
2026-06-21 17:12:57 - producer_sms - DEBUG - No pending messages found
2026-06-21 17:12:58 - producer_sms - DEBUG - No pending messages found
2026-06-21 17:12:59 - producer_sms - DEBUG - No pending messages found
2026-06-21 17:13:00 - producer_sms - DEBUG - No pending messages found
2026-06-21 17:13:01 - producer_sms - DEBUG - No pending messages found
2026-06-21 17:13:02 - producer_sms - DEBUG - No pending messages found
2026-06-21 17:13:03 - producer_sms - DEBUG - No pending messages found
2026-06-21 17:13:04 - producer_sms - DEBUG - No pending messages found
2026-06-21 17:13:05 - producer_sms - DEBUG - No pending messages found
2026-06-21 17:13:06 - producer_sms - DEBUG - No pending messages found
2026-06-21 17:13:07 - producer_sms - DEBUG - No pending messages found
2026-06-21 17:13:08 - producer_sms - DEBUG - No pending messages found
2026-06-21 17:13:09 - producer_sms - DEBUG - No pending messages found
2026-06-21 17:13:10 - producer_sms - DEBUG - No pending messages found
2026-06-21 17:13:11 - producer_sms - DEBUG - No pending messages found
2026-06-21 17:13:12 - producer_sms - DEBUG - No pending messages found
2026-06-21 17:13:13 - producer_sms - DEBUG - No pending messages found
2026-06-21 17:13:14 - producer_sms - DEBUG - No pending messages found
2026-06-21 17:13:15 - producer_sms - DEBUG - No pending messages found
2026-06-21 17:13:16 - producer_sms - DEBUG - No pending messages found
2026-06-21 17:13:17 - producer_sms - DEBUG - No pending messages found
2026-06-21 17:13:18 - producer_sms - DEBUG - No pending messages found
2026-06-21 17:13:19 - producer_sms - DEBUG - No pending messages found
2026-06-21 17:13:20 - producer_sms - DEBUG - No pending messages found
2026-06-21 17:13:21 - producer_sms - DEBUG - No pending messages found
2026-06-21 17:13:22 - producer_sms - DEBUG - No pending messages found
2026-06-21 17:13:23 - producer_sms - DEBUG - No pending messages found
2026-06-21 17:13:24 - producer_sms - DEBUG - No pending messages found
2026-06-21 17:13:25 - producer_sms - DEBUG - No pending messages found
2026-06-21 17:13:26 - producer_sms - DEBUG - No pending messages found
2026-06-21 17:13:27 - producer_sms - DEBUG - No pending messages found
2026-06-21 17:13:28 - producer_sms - DEBUG - No pending messages found
2026-06-21 17:13:29 - producer_sms - DEBUG - No pending messages found
2026-06-21 17:13:30 - producer_sms - DEBUG - No pending messages found
2026-06-21 17:13:31 - producer_sms - DEBUG - No pending messages found
2026-06-21 17:13:32 - producer_sms - DEBUG - No pending messages found
2026-06-21 17:13:33 - producer_sms - DEBUG - No pending messages found
2026-06-21 17:13:34 - producer_sms - DEBUG - No pending messages found
2026-06-21 17:13:35 - producer_sms - DEBUG - No pending messages found
2026-06-21 17:13:36 - producer_sms - DEBUG - No pending messages found
2026-06-21 17:13:37 - producer_sms - DEBUG - No pending messages found
2026-06-21 17:13:38 - producer_sms - DEBUG - No pending messages found
2026-06-21 17:13:39 - producer_sms - DEBUG - No pending messages found
2026-06-21 17:13:40 - producer_sms - DEBUG - No pending messages found
2026-06-21 17:13:41 - producer_sms - DEBUG - No pending messages found
2026-06-21 17:13:42 - producer_sms - DEBUG - No pending messages found
2026-06-21 17:13:43 - producer_sms - DEBUG - No pending messages found
2026-06-21 17:13:44 - producer_sms - DEBUG - No pending messages found
2026-06-21 17:13:45 - producer_sms - DEBUG - No pending messages found
2026-06-21 17:13:46 - producer_sms - DEBUG - No pending messages found
2026-06-21 17:13:47 - producer_sms - DEBUG - No pending messages found
2026-06-21 17:13:48 - producer_sms - DEBUG - No pending messages found
2026-06-21 17:13:49 - producer_sms - DEBUG - No pending messages found
2026-06-21 17:13:50 - producer_sms - DEBUG - No pending messages found
2026-06-21 17:13:51 - producer_sms - DEBUG - No pending messages found
2026-06-21 17:13:52 - producer_sms - DEBUG - No pending messages found
2026-06-21 17:13:53 - producer_sms - DEBUG - No pending messages found
2026-06-21 17:13:54 - producer_sms - DEBUG - No pending messages found
2026-06-21 17:13:55 - producer_sms - DEBUG - No pending messages found
2026-06-21 17:13:56 - producer_sms - DEBUG - No pending messages found
2026-06-21 17:13:57 - producer_sms - DEBUG - No pending messages found
2026-06-21 17:13:58 - producer_sms - DEBUG - No pending messages found
2026-06-21 17:13:59 - producer_sms - DEBUG - No pending messages found
2026-06-21 17:14:00 - producer_sms - DEBUG - No pending messages found
2026-06-21 17:14:01 - producer_sms - DEBUG - No pending messages found
2026-06-21 17:14:02 - producer_sms - DEBUG - No pending messages found
2026-06-21 17:14:03 - producer_sms - DEBUG - No pending messages found
2026-06-21 17:14:04 - producer_sms - DEBUG - No pending messages found
2026-06-21 17:14:05 - producer_sms - DEBUG - No pending messages found
2026-06-21 17:14:06 - producer_sms - DEBUG - No pending messages found
2026-06-21 17:14:07 - producer_sms - DEBUG - No pending messages found
2026-06-21 17:14:08 - producer_sms - DEBUG - No pending messages found
2026-06-21 17:14:09 - producer_sms - DEBUG - No pending messages found
2026-06-21 17:14:10 - producer_sms - DEBUG - No pending messages found
2026-06-21 17:14:11 - producer_sms - DEBUG - No pending messages found
2026-06-21 17:14:12 - producer_sms - DEBUG - No pending messages found
2026-06-21 17:14:13 - producer_sms - DEBUG - No pending messages found
2026-06-21 17:14:14 - producer_sms - DEBUG - No pending messages found
2026-06-21 17:14:15 - producer_sms - DEBUG - No pending messages found
2026-06-21 17:14:16 - producer_sms - DEBUG - No pending messages found
2026-06-21 17:14:17 - producer_sms - DEBUG - No pending messages found
2026-06-21 17:14:18 - producer_sms - DEBUG - No pending messages found
2026-06-21 17:14:19 - producer_sms - DEBUG - No pending messages found
2026-06-21 17:14:20 - producer_sms - DEBUG - No pending messages found
2026-06-21 17:14:21 - producer_sms - DEBUG - No pending messages found
2026-06-21 17:14:22 - producer_sms - DEBUG - No pending messages found
2026-06-21 17:14:23 - producer_sms - DEBUG - No pending messages found
2026-06-21 17:14:24 - producer_sms - DEBUG - No pending messages found
2026-06-21 17:14:25 - producer_sms - DEBUG - No pending messages found
2026-06-21 17:14:26 - producer_sms - DEBUG - No pending messages found
2026-06-21 17:14:27 - producer_sms - DEBUG - No pending messages found
2026-06-21 17:14:28 - producer_sms - DEBUG - No pending messages found
2026-06-21 17:14:29 - producer_sms - DEBUG - No pending messages found
2026-06-21 17:14:30 - producer_sms - DEBUG - No pending messages found
2026-06-21 17:14:31 - producer_sms - DEBUG - No pending messages found
2026-06-21 17:14:32 - producer_sms - DEBUG - No pending messages found
2026-06-21 17:14:33 - producer_sms - DEBUG - No pending messages found
2026-06-21 17:14:34 - producer_sms - DEBUG - No pending messages found
2026-06-21 17:14:35 - producer_sms - DEBUG - No pending messages found
2026-06-21 17:14:36 - producer_sms - DEBUG - No pending messages found
2026-06-21 17:14:37 - producer_sms - DEBUG - No pending messages found
2026-06-21 17:14:38 - producer_sms - DEBUG - No pending messages found
2026-06-21 17:14:39 - producer_sms - DEBUG - No pending messages found
2026-06-21 17:14:40 - producer_sms - DEBUG - No pending messages found
2026-06-21 17:14:41 - producer_sms - DEBUG - No pending messages found
2026-06-21 17:14:42 - producer_sms - DEBUG - No pending messages found
2026-06-21 17:14:43 - producer_sms - DEBUG - No pending messages found
2026-06-21 17:14:44 - producer_sms - DEBUG - No pending messages found
2026-06-21 17:14:45 - producer_sms - DEBUG - No pending messages found
2026-06-21 17:14:46 - producer_sms - DEBUG - No pending messages found
2026-06-21 17:14:47 - producer_sms - DEBUG - No pending messages found
2026-06-21 17:14:48 - producer_sms - DEBUG - No pending messages found
2026-06-21 17:14:49 - producer_sms - DEBUG - No pending messages found
2026-06-21 17:14:50 - producer_sms - DEBUG - No pending messages found
2026-06-21 17:14:51 - producer_sms - DEBUG - No pending messages found
2026-06-21 17:14:52 - producer_sms - DEBUG - No pending messages found
2026-06-21 17:14:53 - producer_sms - DEBUG - No pending messages found
2026-06-21 17:14:54 - producer_sms - DEBUG - No pending messages found
2026-06-21 17:14:55 - producer_sms - DEBUG - No pending messages found
2026-06-21 17:14:56 - producer_sms - DEBUG - No pending messages found
2026-06-21 17:14:57 - producer_sms - DEBUG - No pending messages found
2026-06-21 17:14:58 - producer_sms - DEBUG - No pending messages found
2026-06-21 17:14:59 - producer_sms - DEBUG - No pending messages found
2026-06-21 17:15:00 - producer_sms - DEBUG - No pending messages found
2026-06-21 17:15:01 - producer_sms - DEBUG - No pending messages found
2026-06-21 17:15:02 - producer_sms - DEBUG - No pending messages found
2026-06-21 17:15:03 - producer_sms - DEBUG - No pending messages found
2026-06-21 17:15:04 - producer_sms - DEBUG - No pending messages found
2026-06-21 17:15:05 - producer_sms - DEBUG - No pending messages found
2026-06-21 17:15:06 - producer_sms - DEBUG - No pending messages found
2026-06-21 17:15:07 - producer_sms - DEBUG - No pending messages found
2026-06-21 17:15:08 - producer_sms - DEBUG - No pending messages found
2026-06-21 17:15:09 - producer_sms - DEBUG - No pending messages found
2026-06-21 17:15:10 - producer_sms - DEBUG - No pending messages found
2026-06-21 17:15:11 - producer_sms - DEBUG - No pending messages found
2026-06-21 17:15:12 - producer_sms - DEBUG - No pending messages found
2026-06-21 17:15:13 - producer_sms - DEBUG - No pending messages found
2026-06-21 17:15:14 - producer_sms - DEBUG - No pending messages found
2026-06-21 17:15:15 - producer_sms - DEBUG - No pending messages found
2026-06-21 17:15:16 - producer_sms - DEBUG - No pending messages found
2026-06-21 17:15:17 - producer_sms - DEBUG - No pending messages found
2026-06-21 17:15:18 - producer_sms - DEBUG - No pending messages found
2026-06-21 17:15:19 - producer_sms - DEBUG - No pending messages found
2026-06-21 17:15:20 - producer_sms - DEBUG - No pending messages found
2026-06-21 17:15:21 - producer_sms - DEBUG - No pending messages found
2026-06-21 17:15:22 - producer_sms - DEBUG - No pending messages found
2026-06-21 17:15:23 - producer_sms - DEBUG - No pending messages found
2026-06-21 17:15:24 - producer_sms - DEBUG - No pending messages found
2026-06-21 17:15:25 - producer_sms - DEBUG - No pending messages found
2026-06-21 17:15:26 - producer_sms - DEBUG - No pending messages found
2026-06-21 17:15:27 - producer_sms - DEBUG - No pending messages found
2026-06-21 17:15:28 - producer_sms - DEBUG - No pending messages found
2026-06-21 17:15:29 - producer_sms - DEBUG - No pending messages found
2026-06-21 17:15:30 - producer_sms - DEBUG - No pending messages found
2026-06-21 17:15:31 - producer_sms - DEBUG - No pending messages found
2026-06-21 17:15:32 - producer_sms - DEBUG - No pending messages found
2026-06-21 17:15:33 - producer_sms - DEBUG - No pending messages found
2026-06-21 17:15:34 - producer_sms - DEBUG - No pending messages found
2026-06-21 17:15:36 - producer_sms - DEBUG - No pending messages found
2026-06-21 17:15:37 - producer_sms - DEBUG - No pending messages found
2026-06-21 17:15:38 - producer_sms - DEBUG - No pending messages found
2026-06-21 17:15:39 - producer_sms - DEBUG - No pending messages found
2026-06-21 17:15:40 - producer_sms - DEBUG - No pending messages found
2026-06-21 17:15:41 - producer_sms - DEBUG - No pending messages found
2026-06-21 17:15:42 - producer_sms - DEBUG - No pending messages found
2026-06-21 17:15:43 - producer_sms - DEBUG - No pending messages found
2026-06-21 17:15:44 - producer_sms - DEBUG - No pending messages found
2026-06-21 17:15:45 - producer_sms - DEBUG - No pending messages found
2026-06-21 17:15:46 - producer_sms - DEBUG - No pending messages found
2026-06-21 17:15:47 - producer_sms - DEBUG - No pending messages found
2026-06-21 17:15:48 - producer_sms - DEBUG - No pending messages found
2026-06-21 17:15:49 - producer_sms - DEBUG - No pending messages found
2026-06-21 17:15:50 - producer_sms - DEBUG - No pending messages found
2026-06-21 17:15:51 - producer_sms - DEBUG - No pending messages found
2026-06-21 17:15:52 - producer_sms - DEBUG - No pending messages found
2026-06-21 17:15:53 - producer_sms - DEBUG - No pending messages found
2026-06-21 17:15:54 - producer_sms - DEBUG - No pending messages found
2026-06-21 17:15:55 - producer_sms - DEBUG - No pending messages found
2026-06-21 17:15:56 - producer_sms - DEBUG - No pending messages found
2026-06-21 17:15:57 - producer_sms - DEBUG - No pending messages found
2026-06-21 17:15:58 - producer_sms - DEBUG - No pending messages found
2026-06-21 17:15:59 - producer_sms - DEBUG - No pending messages found
2026-06-21 17:16:00 - producer_sms - DEBUG - No pending messages found
2026-06-21 17:16:01 - producer_sms - DEBUG - No pending messages found
2026-06-21 17:16:02 - producer_sms - DEBUG - No pending messages found
2026-06-21 17:16:03 - producer_sms - DEBUG - No pending messages found
2026-06-21 17:16:04 - producer_sms - DEBUG - No pending messages found
2026-06-21 17:16:05 - producer_sms - DEBUG - No pending messages found
2026-06-21 17:16:06 - producer_sms - DEBUG - No pending messages found
2026-06-21 17:16:07 - producer_sms - DEBUG - No pending messages found
2026-06-21 17:16:08 - producer_sms - DEBUG - No pending messages found
2026-06-21 17:16:09 - producer_sms - DEBUG - No pending messages found
2026-06-21 17:16:10 - producer_sms - DEBUG - No pending messages found
2026-06-21 17:16:11 - producer_sms - DEBUG - No pending messages found
2026-06-21 17:16:12 - producer_sms - DEBUG - No pending messages found
2026-06-21 17:16:13 - producer_sms - DEBUG - No pending messages found
2026-06-21 17:16:14 - producer_sms - DEBUG - No pending messages found
2026-06-21 17:16:15 - producer_sms - DEBUG - No pending messages found
2026-06-21 17:16:16 - producer_sms - DEBUG - No pending messages found
2026-06-21 17:16:17 - producer_sms - DEBUG - No pending messages found
2026-06-21 17:16:18 - producer_sms - DEBUG - No pending messages found
2026-06-21 17:16:19 - producer_sms - DEBUG - No pending messages found
2026-06-21 17:16:20 - producer_sms - DEBUG - No pending messages found
2026-06-21 17:16:21 - producer_sms - DEBUG - No pending messages found
2026-06-21 17:16:22 - producer_sms - DEBUG - No pending messages found
2026-06-21 17:16:23 - producer_sms - DEBUG - No pending messages found
2026-06-21 17:16:24 - producer_sms - DEBUG - No pending messages found
2026-06-21 17:16:25 - producer_sms - DEBUG - No pending messages found
2026-06-21 17:16:26 - producer_sms - DEBUG - No pending messages found
2026-06-21 17:16:27 - producer_sms - DEBUG - No pending messages found
2026-06-21 17:16:28 - producer_sms - DEBUG - No pending messages found
2026-06-21 17:16:29 - producer_sms - DEBUG - No pending messages found
2026-06-21 17:16:30 - producer_sms - DEBUG - No pending messages found
2026-06-21 17:16:31 - producer_sms - DEBUG - No pending messages found
2026-06-21 17:16:32 - producer_sms - DEBUG - No pending messages found
2026-06-21 17:16:33 - producer_sms - DEBUG - No pending messages found
2026-06-21 17:16:34 - producer_sms - DEBUG - No pending messages found
2026-06-21 17:16:35 - producer_sms - DEBUG - No pending messages found
2026-06-21 17:16:36 - producer_sms - DEBUG - No pending messages found
2026-06-21 17:16:37 - producer_sms - DEBUG - No pending messages found
2026-06-21 17:16:38 - producer_sms - DEBUG - No pending messages found
2026-06-21 17:16:39 - producer_sms - DEBUG - No pending messages found
2026-06-21 17:16:40 - producer_sms - DEBUG - No pending messages found
2026-06-21 17:16:41 - producer_sms - DEBUG - No pending messages found
2026-06-21 17:16:42 - producer_sms - DEBUG - No pending messages found
2026-06-21 17:16:43 - producer_sms - DEBUG - No pending messages found
2026-06-21 17:16:44 - producer_sms - DEBUG - No pending messages found
2026-06-21 17:16:45 - producer_sms - DEBUG - No pending messages found
2026-06-21 17:16:46 - producer_sms - DEBUG - No pending messages found
2026-06-21 17:16:47 - producer_sms - DEBUG - No pending messages found
2026-06-21 17:16:48 - producer_sms - DEBUG - No pending messages found
2026-06-21 17:16:49 - producer_sms - DEBUG - No pending messages found
2026-06-21 17:16:50 - producer_sms - DEBUG - No pending messages found
2026-06-21 17:16:51 - producer_sms - DEBUG - No pending messages found
2026-06-21 17:16:52 - producer_sms - DEBUG - No pending messages found
2026-06-21 17:16:53 - producer_sms - DEBUG - No pending messages found
2026-06-21 17:16:54 - producer_sms - DEBUG - No pending messages found
2026-06-21 17:16:55 - producer_sms - DEBUG - No pending messages found
2026-06-21 17:16:56 - producer_sms - DEBUG - No pending messages found
2026-06-21 17:16:57 - producer_sms - DEBUG - No pending messages found
2026-06-21 17:16:58 - producer_sms - DEBUG - No pending messages found
2026-06-21 17:16:59 - producer_sms - DEBUG - No pending messages found
2026-06-21 17:17:00 - producer_sms - DEBUG - No pending messages found
2026-06-21 17:17:01 - producer_sms - DEBUG - No pending messages found
2026-06-21 17:17:02 - producer_sms - DEBUG - No pending messages found
2026-06-21 17:17:03 - producer_sms - DEBUG - No pending messages found
2026-06-21 17:17:04 - producer_sms - DEBUG - No pending messages found
2026-06-21 17:17:05 - producer_sms - DEBUG - No pending messages found
2026-06-21 17:17:06 - producer_sms - DEBUG - No pending messages found
2026-06-21 17:17:07 - producer_sms - DEBUG - No pending messages found
2026-06-21 17:17:08 - producer_sms - DEBUG - No pending messages found
2026-06-21 17:17:09 - producer_sms - DEBUG - No pending messages found
2026-06-21 17:17:10 - producer_sms - DEBUG - No pending messages found
2026-06-21 17:17:11 - producer_sms - DEBUG - No pending messages found
2026-06-21 17:17:12 - producer_sms - DEBUG - No pending messages found
2026-06-21 17:17:13 - producer_sms - DEBUG - No pending messages found
2026-06-21 17:17:14 - producer_sms - DEBUG - No pending messages found
2026-06-21 17:17:15 - producer_sms - DEBUG - No pending messages found
2026-06-21 17:17:16 - producer_sms - DEBUG - No pending messages found
2026-06-21 17:17:17 - producer_sms - DEBUG - No pending messages found
2026-06-21 17:17:18 - producer_sms - DEBUG - No pending messages found
2026-06-21 17:17:19 - producer_sms - DEBUG - No pending messages found
2026-06-21 17:17:20 - producer_sms - DEBUG - No pending messages found
2026-06-21 17:17:21 - producer_sms - DEBUG - No pending messages found
2026-06-21 17:17:22 - producer_sms - DEBUG - No pending messages found
2026-06-21 17:17:23 - producer_sms - DEBUG - No pending messages found
2026-06-21 17:17:24 - producer_sms - DEBUG - No pending messages found
2026-06-21 17:17:25 - producer_sms - DEBUG - No pending messages found
2026-06-21 17:17:26 - producer_sms - DEBUG - No pending messages found
2026-06-21 17:17:27 - producer_sms - DEBUG - No pending messages found
2026-06-21 17:17:28 - producer_sms - DEBUG - No pending messages found
2026-06-21 17:17:29 - producer_sms - DEBUG - No pending messages found
2026-06-21 17:17:30 - producer_sms - DEBUG - No pending messages found
2026-06-21 17:17:31 - producer_sms - DEBUG - No pending messages found
2026-06-21 17:17:32 - producer_sms - DEBUG - No pending messages found
2026-06-21 17:17:33 - producer_sms - DEBUG - No pending messages found
2026-06-21 17:17:34 - producer_sms - DEBUG - No pending messages found
2026-06-21 17:17:35 - producer_sms - DEBUG - No pending messages found
2026-06-21 17:17:36 - producer_sms - DEBUG - No pending messages found
2026-06-21 17:17:37 - producer_sms - DEBUG - No pending messages found
2026-06-21 17:17:39 - producer_sms - DEBUG - No pending messages found
2026-06-21 17:17:40 - producer_sms - DEBUG - No pending messages found
2026-06-21 17:17:41 - producer_sms - DEBUG - No pending messages found
2026-06-21 17:17:42 - producer_sms - DEBUG - No pending messages found
2026-06-21 17:17:43 - producer_sms - DEBUG - No pending messages found
2026-06-21 17:17:44 - producer_sms - DEBUG - No pending messages found
2026-06-21 17:17:45 - producer_sms - DEBUG - No pending messages found
2026-06-21 17:17:46 - producer_sms - DEBUG - No pending messages found
2026-06-21 17:17:47 - producer_sms - DEBUG - No pending messages found
2026-06-21 17:17:48 - producer_sms - DEBUG - No pending messages found
2026-06-21 17:17:49 - producer_sms - DEBUG - No pending messages found
2026-06-21 17:17:50 - producer_sms - DEBUG - No pending messages found
2026-06-21 17:17:51 - producer_sms - DEBUG - No pending messages found
2026-06-21 17:17:52 - producer_sms - DEBUG - No pending messages found
2026-06-21 17:17:53 - producer_sms - DEBUG - No pending messages found
2026-06-21 17:17:54 - producer_sms - DEBUG - No pending messages found
2026-06-21 17:17:55 - producer_sms - DEBUG - No pending messages found
2026-06-21 17:17:56 - producer_sms - DEBUG - No pending messages found
2026-06-21 17:17:57 - producer_sms - DEBUG - No pending messages found
2026-06-21 17:17:58 - producer_sms - DEBUG - No pending messages found
2026-06-21 17:17:59 - producer_sms - DEBUG - No pending messages found
2026-06-21 17:18:00 - producer_sms - DEBUG - No pending messages found
2026-06-21 17:18:01 - producer_sms - DEBUG - No pending messages found
2026-06-21 17:18:02 - producer_sms - DEBUG - No pending messages found
2026-06-21 17:18:03 - producer_sms - DEBUG - No pending messages found
2026-06-21 17:18:04 - producer_sms - DEBUG - No pending messages found
2026-06-21 17:18:05 - producer_sms - DEBUG - No pending messages found
2026-06-21 17:18:06 - producer_sms - DEBUG - No pending messages found
2026-06-21 17:18:07 - producer_sms - DEBUG - No pending messages found
2026-06-21 17:18:08 - producer_sms - DEBUG - No pending messages found
2026-06-21 17:18:09 - producer_sms - DEBUG - No pending messages found
2026-06-21 17:18:10 - producer_sms - DEBUG - No pending messages found
2026-06-21 17:18:11 - producer_sms - DEBUG - No pending messages found
2026-06-21 17:18:12 - producer_sms - DEBUG - No pending messages found
2026-06-21 17:18:13 - producer_sms - DEBUG - No pending messages found
2026-06-21 17:18:14 - producer_sms - DEBUG - No pending messages found
2026-06-21 17:18:15 - producer_sms - DEBUG - No pending messages found
2026-06-21 17:18:16 - producer_sms - DEBUG - No pending messages found
2026-06-21 17:18:17 - producer_sms - DEBUG - No pending messages found
2026-06-21 17:18:18 - producer_sms - DEBUG - No pending messages found
2026-06-21 17:18:19 - producer_sms - DEBUG - No pending messages found
2026-06-21 17:18:20 - producer_sms - DEBUG - No pending messages found
2026-06-21 17:18:21 - producer_sms - DEBUG - No pending messages found
2026-06-21 17:18:22 - producer_sms - DEBUG - No pending messages found
2026-06-21 17:18:23 - producer_sms - DEBUG - No pending messages found
2026-06-21 17:18:24 - producer_sms - DEBUG - No pending messages found
2026-06-21 17:18:25 - producer_sms - DEBUG - No pending messages found
2026-06-21 17:18:26 - producer_sms - DEBUG - No pending messages found
2026-06-21 17:18:27 - producer_sms - DEBUG - No pending messages found
2026-06-21 17:18:28 - producer_sms - DEBUG - No pending messages found
2026-06-21 17:18:29 - producer_sms - DEBUG - No pending messages found
2026-06-21 17:18:30 - producer_sms - DEBUG - No pending messages found
2026-06-21 17:18:31 - producer_sms - DEBUG - No pending messages found
2026-06-21 17:18:32 - producer_sms - DEBUG - No pending messages found
2026-06-21 17:18:33 - producer_sms - DEBUG - No pending messages found
2026-06-21 17:18:34 - producer_sms - DEBUG - No pending messages found
2026-06-21 17:18:35 - producer_sms - DEBUG - No pending messages found
2026-06-21 17:18:36 - producer_sms - DEBUG - No pending messages found
2026-06-21 17:18:37 - producer_sms - DEBUG - No pending messages found
2026-06-21 17:18:38 - producer_sms - DEBUG - No pending messages found
2026-06-21 17:18:39 - producer_sms - DEBUG - No pending messages found
2026-06-21 17:18:40 - producer_sms - DEBUG - No pending messages found
2026-06-21 17:18:41 - producer_sms - DEBUG - No pending messages found
2026-06-21 17:18:42 - producer_sms - DEBUG - No pending messages found
2026-06-21 17:18:43 - producer_sms - DEBUG - No pending messages found
2026-06-21 17:18:44 - producer_sms - DEBUG - No pending messages found
2026-06-21 17:18:45 - producer_sms - DEBUG - No pending messages found
2026-06-21 17:18:46 - producer_sms - DEBUG - No pending messages found
2026-06-21 17:18:47 - producer_sms - DEBUG - No pending messages found
2026-06-21 17:18:48 - producer_sms - DEBUG - No pending messages found
2026-06-21 17:18:49 - producer_sms - DEBUG - No pending messages found
2026-06-21 17:18:50 - producer_sms - DEBUG - No pending messages found
2026-06-21 17:18:51 - producer_sms - DEBUG - No pending messages found
2026-06-21 17:18:52 - producer_sms - DEBUG - No pending messages found
2026-06-21 17:18:53 - producer_sms - DEBUG - No pending messages found
2026-06-21 17:18:54 - producer_sms - DEBUG - No pending messages found
2026-06-21 17:18:55 - producer_sms - DEBUG - No pending messages found
2026-06-21 17:18:56 - producer_sms - DEBUG - No pending messages found
2026-06-21 17:18:57 - producer_sms - DEBUG - No pending messages found
2026-06-21 17:18:58 - producer_sms - DEBUG - No pending messages found
2026-06-21 17:18:59 - producer_sms - DEBUG - No pending messages found
2026-06-21 17:19:00 - producer_sms - DEBUG - No pending messages found
2026-06-21 17:19:01 - producer_sms - DEBUG - No pending messages found
2026-06-21 17:19:02 - producer_sms - DEBUG - No pending messages found
2026-06-21 17:19:03 - producer_sms - DEBUG - No pending messages found
2026-06-21 17:19:04 - producer_sms - DEBUG - No pending messages found
2026-06-21 17:19:05 - producer_sms - DEBUG - No pending messages found
2026-06-21 17:19:06 - producer_sms - DEBUG - No pending messages found
2026-06-21 17:19:07 - producer_sms - DEBUG - No pending messages found
2026-06-21 17:19:08 - producer_sms - DEBUG - No pending messages found
2026-06-21 17:19:09 - producer_sms - DEBUG - No pending messages found
2026-06-21 17:19:10 - producer_sms - DEBUG - No pending messages found
2026-06-21 17:19:11 - producer_sms - DEBUG - No pending messages found
2026-06-21 17:19:12 - producer_sms - DEBUG - No pending messages found
2026-06-21 17:19:13 - producer_sms - DEBUG - No pending messages found
2026-06-21 17:19:14 - producer_sms - DEBUG - No pending messages found
2026-06-21 17:19:15 - producer_sms - DEBUG - No pending messages found
2026-06-21 17:19:16 - producer_sms - DEBUG - No pending messages found
2026-06-21 17:19:17 - producer_sms - DEBUG - No pending messages found
2026-06-21 17:19:18 - producer_sms - DEBUG - No pending messages found
2026-06-21 17:19:19 - producer_sms - DEBUG - No pending messages found
2026-06-21 17:19:20 - producer_sms - DEBUG - No pending messages found
2026-06-21 17:19:21 - producer_sms - DEBUG - No pending messages found
2026-06-21 17:19:22 - producer_sms - DEBUG - No pending messages found
2026-06-21 17:19:23 - producer_sms - DEBUG - No pending messages found
2026-06-21 17:19:24 - producer_sms - DEBUG - No pending messages found
2026-06-21 17:19:25 - producer_sms - DEBUG - No pending messages found
2026-06-21 17:19:26 - producer_sms - DEBUG - No pending messages found
2026-06-21 17:19:27 - producer_sms - DEBUG - No pending messages found
2026-06-21 17:19:28 - producer_sms - DEBUG - No pending messages found
2026-06-21 17:19:29 - producer_sms - DEBUG - No pending messages found
2026-06-21 17:19:30 - producer_sms - DEBUG - No pending messages found
2026-06-21 17:19:31 - producer_sms - DEBUG - No pending messages found
2026-06-21 17:19:32 - producer_sms - DEBUG - No pending messages found
2026-06-21 17:19:33 - producer_sms - DEBUG - No pending messages found
2026-06-21 17:19:34 - producer_sms - DEBUG - No pending messages found
2026-06-21 17:19:35 - producer_sms - DEBUG - No pending messages found
2026-06-21 17:19:36 - producer_sms - DEBUG - No pending messages found
2026-06-21 17:19:37 - producer_sms - DEBUG - No pending messages found
2026-06-21 17:19:38 - producer_sms - DEBUG - No pending messages found
2026-06-21 17:19:39 - producer_sms - DEBUG - No pending messages found
2026-06-21 17:19:40 - producer_sms - DEBUG - No pending messages found
2026-06-21 17:19:41 - producer_sms - DEBUG - No pending messages found
2026-06-21 17:19:42 - producer_sms - DEBUG - No pending messages found
2026-06-21 17:19:43 - producer_sms - DEBUG - No pending messages found
2026-06-21 17:19:44 - producer_sms - DEBUG - No pending messages found
2026-06-21 17:19:45 - producer_sms - DEBUG - No pending messages found
2026-06-21 17:19:46 - producer_sms - DEBUG - No pending messages found
2026-06-21 17:19:47 - producer_sms - DEBUG - No pending messages found
2026-06-21 17:19:48 - producer_sms - DEBUG - No pending messages found
2026-06-21 17:19:49 - producer_sms - DEBUG - No pending messages found
2026-06-21 17:19:50 - producer_sms - DEBUG - No pending messages found
2026-06-21 17:19:51 - producer_sms - DEBUG - No pending messages found
2026-06-21 17:19:52 - producer_sms - DEBUG - No pending messages found
2026-06-21 17:19:53 - producer_sms - DEBUG - No pending messages found
2026-06-21 17:19:54 - producer_sms - DEBUG - No pending messages found
2026-06-21 17:19:55 - producer_sms - DEBUG - No pending messages found
2026-06-21 17:19:56 - producer_sms - DEBUG - No pending messages found
2026-06-21 17:19:57 - producer_sms - DEBUG - No pending messages found
2026-06-21 17:19:58 - producer_sms - DEBUG - No pending messages found
2026-06-21 17:19:59 - producer_sms - DEBUG - No pending messages found
2026-06-21 17:20:00 - producer_sms - DEBUG - No pending messages found
2026-06-21 17:20:01 - producer_sms - DEBUG - No pending messages found
2026-06-21 17:20:02 - producer_sms - DEBUG - No pending messages found
2026-06-21 17:20:03 - producer_sms - DEBUG - No pending messages found
2026-06-21 17:20:04 - producer_sms - DEBUG - No pending messages found
2026-06-21 17:20:05 - producer_sms - DEBUG - No pending messages found
2026-06-21 17:20:06 - producer_sms - DEBUG - No pending messages found
2026-06-21 17:20:07 - producer_sms - DEBUG - No pending messages found
2026-06-21 17:20:08 - producer_sms - DEBUG - No pending messages found
2026-06-21 17:20:09 - producer_sms - DEBUG - No pending messages found
2026-06-21 17:20:10 - producer_sms - DEBUG - No pending messages found
2026-06-21 17:20:11 - producer_sms - DEBUG - No pending messages found
2026-06-21 17:20:12 - producer_sms - DEBUG - No pending messages found
2026-06-21 17:20:13 - producer_sms - DEBUG - No pending messages found
2026-06-21 17:20:14 - producer_sms - DEBUG - No pending messages found
2026-06-21 17:20:15 - producer_sms - DEBUG - No pending messages found
2026-06-21 17:20:16 - producer_sms - DEBUG - No pending messages found
2026-06-21 17:20:17 - producer_sms - DEBUG - No pending messages found
2026-06-21 17:20:18 - producer_sms - DEBUG - No pending messages found
2026-06-21 17:20:19 - producer_sms - DEBUG - No pending messages found
2026-06-21 17:20:20 - producer_sms - DEBUG - No pending messages found
2026-06-21 17:20:21 - producer_sms - DEBUG - No pending messages found
2026-06-21 17:20:22 - producer_sms - DEBUG - No pending messages found
2026-06-21 17:20:23 - producer_sms - DEBUG - No pending messages found
2026-06-21 17:20:24 - producer_sms - DEBUG - No pending messages found
2026-06-21 17:20:25 - producer_sms - DEBUG - No pending messages found
2026-06-21 17:20:26 - producer_sms - DEBUG - No pending messages found
2026-06-21 17:20:28 - producer_sms - DEBUG - No pending messages found
2026-06-21 17:20:29 - producer_sms - DEBUG - No pending messages found
2026-06-21 17:20:30 - producer_sms - DEBUG - No pending messages found
2026-06-21 17:20:31 - producer_sms - DEBUG - No pending messages found
2026-06-21 17:20:32 - producer_sms - DEBUG - No pending messages found
2026-06-21 17:20:33 - producer_sms - DEBUG - No pending messages found
2026-06-21 17:20:34 - producer_sms - DEBUG - No pending messages found
2026-06-21 17:20:35 - producer_sms - DEBUG - No pending messages found
2026-06-21 17:20:36 - producer_sms - DEBUG - No pending messages found
2026-06-21 17:20:37 - producer_sms - DEBUG - No pending messages found
2026-06-21 17:20:38 - producer_sms - DEBUG - No pending messages found
2026-06-21 17:20:39 - producer_sms - DEBUG - No pending messages found
2026-06-21 17:20:40 - producer_sms - DEBUG - No pending messages found
2026-06-21 17:20:41 - producer_sms - DEBUG - No pending messages found
2026-06-21 17:20:42 - producer_sms - DEBUG - No pending messages found
2026-06-21 17:20:43 - producer_sms - DEBUG - No pending messages found
2026-06-21 17:20:44 - producer_sms - DEBUG - No pending messages found
2026-06-21 17:20:45 - producer_sms - DEBUG - No pending messages found
2026-06-21 17:20:46 - producer_sms - DEBUG - No pending messages found
2026-06-21 17:20:47 - producer_sms - DEBUG - No pending messages found
2026-06-21 17:20:48 - producer_sms - DEBUG - No pending messages found
2026-06-21 17:20:49 - producer_sms - DEBUG - No pending messages found
2026-06-21 17:20:50 - producer_sms - DEBUG - No pending messages found
2026-06-21 17:20:51 - producer_sms - DEBUG - No pending messages found
2026-06-21 17:20:52 - producer_sms - DEBUG - No pending messages found
2026-06-21 17:20:53 - producer_sms - DEBUG - No pending messages found
2026-06-21 17:20:54 - producer_sms - DEBUG - No pending messages found
2026-06-21 17:20:55 - producer_sms - DEBUG - No pending messages found
2026-06-21 17:20:56 - producer_sms - DEBUG - No pending messages found
2026-06-21 17:20:57 - producer_sms - DEBUG - No pending messages found
2026-06-21 17:20:58 - producer_sms - DEBUG - No pending messages found
2026-06-21 17:20:59 - producer_sms - DEBUG - No pending messages found
2026-06-21 17:21:00 - producer_sms - DEBUG - No pending messages found
2026-06-21 17:21:01 - producer_sms - DEBUG - No pending messages found
2026-06-21 17:21:02 - producer_sms - DEBUG - No pending messages found
2026-06-21 17:21:03 - producer_sms - DEBUG - No pending messages found
2026-06-21 17:21:04 - producer_sms - DEBUG - No pending messages found
2026-06-21 17:21:05 - producer_sms - DEBUG - No pending messages found
2026-06-21 17:21:06 - producer_sms - DEBUG - No pending messages found
2026-06-21 17:21:07 - producer_sms - DEBUG - No pending messages found
2026-06-21 17:21:08 - producer_sms - DEBUG - No pending messages found
2026-06-21 17:21:09 - producer_sms - DEBUG - No pending messages found
2026-06-21 17:21:10 - producer_sms - DEBUG - No pending messages found
2026-06-21 17:21:11 - producer_sms - DEBUG - No pending messages found
2026-06-21 17:21:12 - producer_sms - DEBUG - No pending messages found
2026-06-21 17:21:13 - producer_sms - DEBUG - No pending messages found
2026-06-21 17:21:14 - producer_sms - DEBUG - No pending messages found
2026-06-21 17:21:15 - producer_sms - DEBUG - No pending messages found
2026-06-21 17:21:16 - producer_sms - DEBUG - No pending messages found
2026-06-21 17:21:17 - producer_sms - DEBUG - No pending messages found
2026-06-21 17:21:18 - producer_sms - DEBUG - No pending messages found
2026-06-21 17:21:19 - producer_sms - DEBUG - No pending messages found
2026-06-21 17:21:20 - producer_sms - DEBUG - No pending messages found
2026-06-21 17:21:21 - producer_sms - DEBUG - No pending messages found
2026-06-21 17:21:22 - producer_sms - DEBUG - No pending messages found
2026-06-21 17:21:23 - producer_sms - DEBUG - No pending messages found
2026-06-21 17:21:24 - producer_sms - DEBUG - No pending messages found
2026-06-21 17:21:25 - producer_sms - DEBUG - No pending messages found
2026-06-21 17:21:26 - producer_sms - DEBUG - No pending messages found
2026-06-21 17:21:27 - producer_sms - DEBUG - No pending messages found
2026-06-21 17:21:28 - producer_sms - DEBUG - No pending messages found
2026-06-21 17:21:29 - producer_sms - DEBUG - No pending messages found
2026-06-21 17:21:30 - producer_sms - DEBUG - No pending messages found
2026-06-21 17:21:31 - producer_sms - DEBUG - No pending messages found
2026-06-21 17:21:32 - producer_sms - DEBUG - No pending messages found
2026-06-21 17:21:33 - producer_sms - DEBUG - No pending messages found
2026-06-21 17:21:34 - producer_sms - DEBUG - No pending messages found
2026-06-21 17:21:35 - producer_sms - DEBUG - No pending messages found
2026-06-21 17:21:36 - producer_sms - DEBUG - No pending messages found
2026-06-21 17:21:37 - producer_sms - DEBUG - No pending messages found
2026-06-21 17:21:38 - producer_sms - DEBUG - No pending messages found
2026-06-21 17:21:39 - producer_sms - DEBUG - No pending messages found
2026-06-21 17:21:40 - producer_sms - DEBUG - No pending messages found
2026-06-21 17:21:41 - producer_sms - DEBUG - No pending messages found
2026-06-21 17:21:42 - producer_sms - DEBUG - No pending messages found
2026-06-21 17:21:43 - producer_sms - DEBUG - No pending messages found
2026-06-21 17:21:44 - producer_sms - DEBUG - No pending messages found
2026-06-21 17:21:45 - producer_sms - DEBUG - No pending messages found
2026-06-21 17:21:46 - producer_sms - DEBUG - No pending messages found
2026-06-21 17:21:47 - producer_sms - DEBUG - No pending messages found
2026-06-21 17:21:48 - producer_sms - DEBUG - No pending messages found
2026-06-21 17:21:49 - producer_sms - DEBUG - No pending messages found
2026-06-21 17:21:50 - producer_sms - DEBUG - No pending messages found
2026-06-21 17:21:51 - producer_sms - DEBUG - No pending messages found
2026-06-21 17:21:52 - producer_sms - DEBUG - No pending messages found
2026-06-21 17:21:53 - producer_sms - DEBUG - No pending messages found
2026-06-21 17:21:54 - producer_sms - DEBUG - No pending messages found
2026-06-21 17:21:55 - producer_sms - DEBUG - No pending messages found
2026-06-21 17:21:56 - producer_sms - DEBUG - No pending messages found
2026-06-21 17:21:57 - producer_sms - DEBUG - No pending messages found
2026-06-21 17:21:58 - producer_sms - DEBUG - No pending messages found
2026-06-21 17:21:59 - producer_sms - DEBUG - No pending messages found
2026-06-21 17:22:00 - producer_sms - DEBUG - No pending messages found
2026-06-21 17:22:01 - producer_sms - DEBUG - No pending messages found
2026-06-21 17:22:02 - producer_sms - DEBUG - No pending messages found
2026-06-21 17:22:03 - producer_sms - DEBUG - No pending messages found
2026-06-21 17:22:04 - producer_sms - DEBUG - No pending messages found
2026-06-21 17:22:05 - producer_sms - DEBUG - No pending messages found
2026-06-21 17:22:06 - producer_sms - DEBUG - No pending messages found
2026-06-21 17:22:07 - producer_sms - DEBUG - No pending messages found
2026-06-21 17:22:08 - producer_sms - DEBUG - No pending messages found
2026-06-21 17:22:09 - producer_sms - DEBUG - No pending messages found
2026-06-21 17:22:10 - producer_sms - DEBUG - No pending messages found
2026-06-21 17:22:11 - producer_sms - DEBUG - No pending messages found
2026-06-21 17:22:12 - producer_sms - DEBUG - No pending messages found
2026-06-21 17:22:13 - producer_sms - DEBUG - No pending messages found
2026-06-21 17:22:14 - producer_sms - DEBUG - No pending messages found
2026-06-21 17:22:15 - producer_sms - DEBUG - No pending messages found
2026-06-21 17:22:16 - producer_sms - DEBUG - No pending messages found
2026-06-21 17:22:17 - producer_sms - DEBUG - No pending messages found
2026-06-21 17:22:18 - producer_sms - DEBUG - No pending messages found
2026-06-21 17:22:19 - producer_sms - DEBUG - No pending messages found
2026-06-21 17:22:20 - producer_sms - DEBUG - No pending messages found
2026-06-21 17:22:21 - producer_sms - DEBUG - No pending messages found
2026-06-21 17:22:22 - producer_sms - DEBUG - No pending messages found
2026-06-21 17:22:23 - producer_sms - DEBUG - No pending messages found
2026-06-21 17:22:24 - producer_sms - DEBUG - No pending messages found
2026-06-21 17:22:25 - producer_sms - DEBUG - No pending messages found
2026-06-21 17:22:26 - producer_sms - DEBUG - No pending messages found
2026-06-21 17:22:27 - producer_sms - DEBUG - No pending messages found
2026-06-21 17:22:28 - producer_sms - DEBUG - No pending messages found
2026-06-21 17:22:29 - producer_sms - DEBUG - No pending messages found
2026-06-21 17:22:30 - producer_sms - DEBUG - No pending messages found
2026-06-21 17:22:31 - producer_sms - DEBUG - No pending messages found
2026-06-21 17:22:32 - producer_sms - DEBUG - No pending messages found
2026-06-21 17:22:33 - producer_sms - DEBUG - No pending messages found
2026-06-21 17:22:34 - producer_sms - DEBUG - No pending messages found
2026-06-21 17:22:35 - producer_sms - DEBUG - No pending messages found
2026-06-21 17:22:36 - producer_sms - DEBUG - No pending messages found
2026-06-21 17:22:37 - producer_sms - DEBUG - No pending messages found
2026-06-21 17:22:38 - producer_sms - DEBUG - No pending messages found
2026-06-21 17:22:39 - producer_sms - DEBUG - No pending messages found
2026-06-21 17:22:40 - producer_sms - DEBUG - No pending messages found
2026-06-21 17:22:41 - producer_sms - DEBUG - No pending messages found
2026-06-21 17:22:42 - producer_sms - DEBUG - No pending messages found
2026-06-21 17:22:43 - producer_sms - DEBUG - No pending messages found
2026-06-21 17:22:44 - producer_sms - DEBUG - No pending messages found
2026-06-21 17:22:45 - producer_sms - DEBUG - No pending messages found
2026-06-21 17:22:46 - producer_sms - DEBUG - No pending messages found
2026-06-21 17:22:47 - producer_sms - DEBUG - No pending messages found
2026-06-21 17:22:48 - producer_sms - DEBUG - No pending messages found
2026-06-21 17:22:49 - producer_sms - DEBUG - No pending messages found
2026-06-21 17:22:50 - producer_sms - DEBUG - No pending messages found
2026-06-21 17:22:51 - producer_sms - DEBUG - No pending messages found
2026-06-21 17:22:52 - producer_sms - DEBUG - No pending messages found
2026-06-21 17:22:53 - producer_sms - DEBUG - No pending messages found
2026-06-21 17:22:54 - producer_sms - DEBUG - No pending messages found
2026-06-21 17:22:55 - producer_sms - DEBUG - No pending messages found
2026-06-21 17:22:56 - producer_sms - DEBUG - No pending messages found
2026-06-21 17:22:57 - producer_sms - DEBUG - No pending messages found
2026-06-21 17:22:58 - producer_sms - DEBUG - No pending messages found
2026-06-21 17:22:59 - producer_sms - DEBUG - No pending messages found
2026-06-21 17:23:00 - producer_sms - DEBUG - No pending messages found
2026-06-21 17:23:01 - producer_sms - DEBUG - No pending messages found
2026-06-21 17:23:02 - producer_sms - DEBUG - No pending messages found
2026-06-21 17:23:03 - producer_sms - DEBUG - No pending messages found
2026-06-21 17:23:04 - producer_sms - DEBUG - No pending messages found
2026-06-21 17:23:05 - producer_sms - DEBUG - No pending messages found
2026-06-21 17:23:06 - producer_sms - DEBUG - No pending messages found
2026-06-21 17:23:07 - producer_sms - DEBUG - No pending messages found
2026-06-21 17:23:08 - producer_sms - DEBUG - No pending messages found
2026-06-21 17:23:09 - producer_sms - DEBUG - No pending messages found
2026-06-21 17:23:10 - producer_sms - DEBUG - No pending messages found
2026-06-21 17:23:11 - producer_sms - DEBUG - No pending messages found
2026-06-21 17:23:12 - producer_sms - DEBUG - No pending messages found
2026-06-21 17:23:14 - producer_sms - DEBUG - No pending messages found
2026-06-21 17:23:15 - producer_sms - DEBUG - No pending messages found
2026-06-21 17:23:16 - producer_sms - DEBUG - No pending messages found
2026-06-21 17:23:17 - producer_sms - DEBUG - No pending messages found
2026-06-21 17:23:18 - producer_sms - DEBUG - No pending messages found
2026-06-21 17:23:19 - producer_sms - DEBUG - No pending messages found
2026-06-21 17:23:20 - producer_sms - DEBUG - No pending messages found
2026-06-21 17:23:21 - producer_sms - DEBUG - No pending messages found
2026-06-21 17:23:22 - producer_sms - DEBUG - No pending messages found
2026-06-21 17:23:23 - producer_sms - DEBUG - No pending messages found
2026-06-21 17:23:24 - producer_sms - DEBUG - No pending messages found
2026-06-21 17:23:25 - producer_sms - DEBUG - No pending messages found
2026-06-21 17:23:26 - producer_sms - DEBUG - No pending messages found
2026-06-21 17:23:27 - producer_sms - DEBUG - No pending messages found
2026-06-21 17:23:28 - producer_sms - DEBUG - No pending messages found
2026-06-21 17:23:29 - producer_sms - DEBUG - No pending messages found
2026-06-21 17:23:30 - producer_sms - DEBUG - No pending messages found
2026-06-21 17:23:31 - producer_sms - DEBUG - No pending messages found
2026-06-21 17:23:32 - producer_sms - DEBUG - No pending messages found
2026-06-21 17:23:33 - producer_sms - DEBUG - No pending messages found
2026-06-21 17:23:34 - producer_sms - DEBUG - No pending messages found
2026-06-21 17:23:35 - producer_sms - DEBUG - No pending messages found
2026-06-21 17:23:36 - producer_sms - DEBUG - No pending messages found
2026-06-21 17:23:37 - producer_sms - DEBUG - No pending messages found
2026-06-21 17:23:38 - producer_sms - DEBUG - No pending messages found
2026-06-21 17:23:39 - producer_sms - DEBUG - No pending messages found
2026-06-21 17:23:40 - producer_sms - DEBUG - No pending messages found
2026-06-21 17:23:41 - producer_sms - DEBUG - No pending messages found
2026-06-21 17:23:42 - producer_sms - DEBUG - No pending messages found
2026-06-21 17:23:43 - producer_sms - DEBUG - No pending messages found
2026-06-21 17:23:44 - producer_sms - DEBUG - No pending messages found
2026-06-21 17:23:45 - producer_sms - DEBUG - No pending messages found
2026-06-21 17:23:46 - producer_sms - DEBUG - No pending messages found
2026-06-21 17:23:47 - producer_sms - DEBUG - No pending messages found
2026-06-21 17:23:48 - producer_sms - DEBUG - No pending messages found
2026-06-21 17:23:49 - producer_sms - DEBUG - No pending messages found
2026-06-21 17:23:50 - producer_sms - DEBUG - No pending messages found
2026-06-21 17:23:51 - producer_sms - DEBUG - No pending messages found
2026-06-21 17:23:52 - producer_sms - DEBUG - No pending messages found
2026-06-21 17:23:53 - producer_sms - DEBUG - No pending messages found
2026-06-21 17:23:54 - producer_sms - DEBUG - No pending messages found
2026-06-21 17:23:55 - producer_sms - DEBUG - No pending messages found
2026-06-21 17:23:56 - producer_sms - DEBUG - No pending messages found
2026-06-21 17:23:57 - producer_sms - DEBUG - No pending messages found
2026-06-21 17:23:58 - producer_sms - DEBUG - No pending messages found
2026-06-21 17:23:59 - producer_sms - DEBUG - No pending messages found
2026-06-21 17:24:00 - producer_sms - DEBUG - No pending messages found
2026-06-21 17:24:01 - producer_sms - DEBUG - No pending messages found
2026-06-21 17:24:02 - producer_sms - DEBUG - No pending messages found
2026-06-21 17:24:03 - producer_sms - DEBUG - No pending messages found
2026-06-21 17:24:04 - producer_sms - DEBUG - No pending messages found
2026-06-21 17:24:05 - producer_sms - DEBUG - No pending messages found
2026-06-21 17:24:06 - producer_sms - DEBUG - No pending messages found
2026-06-21 17:24:07 - producer_sms - DEBUG - No pending messages found
2026-06-21 17:24:08 - producer_sms - DEBUG - No pending messages found
2026-06-21 17:24:09 - producer_sms - DEBUG - No pending messages found
2026-06-21 17:24:10 - producer_sms - DEBUG - No pending messages found
2026-06-21 17:24:11 - producer_sms - DEBUG - No pending messages found
2026-06-21 17:24:12 - producer_sms - DEBUG - No pending messages found
2026-06-21 17:24:13 - producer_sms - DEBUG - No pending messages found
2026-06-21 17:24:14 - producer_sms - DEBUG - No pending messages found
2026-06-21 17:24:15 - producer_sms - DEBUG - No pending messages found
2026-06-21 17:24:16 - producer_sms - DEBUG - No pending messages found
2026-06-21 17:24:17 - producer_sms - DEBUG - No pending messages found
2026-06-21 17:24:18 - producer_sms - DEBUG - No pending messages found
2026-06-21 17:24:19 - producer_sms - DEBUG - No pending messages found
2026-06-21 17:24:20 - producer_sms - DEBUG - No pending messages found
2026-06-21 17:24:21 - producer_sms - DEBUG - No pending messages found
2026-06-21 17:24:22 - producer_sms - DEBUG - No pending messages found
2026-06-21 17:24:23 - producer_sms - DEBUG - No pending messages found
2026-06-21 17:24:24 - producer_sms - DEBUG - No pending messages found
2026-06-21 17:24:25 - producer_sms - DEBUG - No pending messages found
2026-06-21 17:24:26 - producer_sms - DEBUG - No pending messages found
2026-06-21 17:24:27 - producer_sms - DEBUG - No pending messages found
2026-06-21 17:24:28 - producer_sms - DEBUG - No pending messages found
2026-06-21 17:24:29 - producer_sms - DEBUG - No pending messages found
2026-06-21 17:24:30 - producer_sms - DEBUG - No pending messages found
2026-06-21 17:24:31 - producer_sms - DEBUG - No pending messages found
2026-06-21 17:24:32 - producer_sms - DEBUG - No pending messages found
2026-06-21 17:24:33 - producer_sms - DEBUG - No pending messages found
2026-06-21 17:24:34 - producer_sms - DEBUG - No pending messages found
2026-06-21 17:24:35 - producer_sms - DEBUG - No pending messages found
2026-06-21 17:24:36 - producer_sms - DEBUG - No pending messages found
2026-06-21 17:24:37 - producer_sms - DEBUG - No pending messages found
2026-06-21 17:24:38 - producer_sms - DEBUG - No pending messages found
2026-06-21 17:24:39 - producer_sms - DEBUG - No pending messages found
2026-06-21 17:24:40 - producer_sms - DEBUG - No pending messages found
2026-06-21 17:24:41 - producer_sms - DEBUG - No pending messages found
2026-06-21 17:24:42 - producer_sms - DEBUG - No pending messages found
2026-06-21 17:24:43 - producer_sms - DEBUG - No pending messages found
2026-06-21 17:24:44 - producer_sms - DEBUG - No pending messages found
2026-06-21 17:24:45 - producer_sms - DEBUG - No pending messages found
2026-06-21 17:24:46 - producer_sms - DEBUG - No pending messages found
2026-06-21 17:24:47 - producer_sms - DEBUG - No pending messages found
2026-06-21 17:24:48 - producer_sms - DEBUG - No pending messages found
2026-06-21 17:24:49 - producer_sms - DEBUG - No pending messages found
2026-06-21 17:24:50 - producer_sms - DEBUG - No pending messages found
2026-06-21 17:24:51 - producer_sms - DEBUG - No pending messages found
2026-06-21 17:24:52 - producer_sms - DEBUG - No pending messages found
2026-06-21 17:24:53 - producer_sms - DEBUG - No pending messages found
2026-06-21 17:24:54 - producer_sms - DEBUG - No pending messages found
2026-06-21 17:24:55 - producer_sms - DEBUG - No pending messages found
2026-06-21 17:24:56 - producer_sms - DEBUG - No pending messages found
2026-06-21 17:24:57 - producer_sms - DEBUG - No pending messages found
2026-06-21 17:24:58 - producer_sms - DEBUG - No pending messages found
2026-06-21 17:24:59 - producer_sms - DEBUG - No pending messages found
2026-06-21 17:25:00 - producer_sms - DEBUG - No pending messages found
2026-06-21 17:25:01 - producer_sms - DEBUG - No pending messages found
2026-06-21 17:25:02 - producer_sms - DEBUG - No pending messages found
2026-06-21 17:25:03 - producer_sms - DEBUG - No pending messages found
2026-06-21 17:25:04 - producer_sms - DEBUG - No pending messages found
2026-06-21 17:25:05 - producer_sms - DEBUG - No pending messages found
2026-06-21 17:25:06 - producer_sms - DEBUG - No pending messages found
2026-06-21 17:25:07 - producer_sms - DEBUG - No pending messages found
2026-06-21 17:25:08 - producer_sms - DEBUG - No pending messages found
2026-06-21 17:25:09 - producer_sms - DEBUG - No pending messages found
2026-06-21 17:25:10 - producer_sms - DEBUG - No pending messages found
2026-06-21 17:25:11 - producer_sms - DEBUG - No pending messages found
2026-06-21 17:25:12 - producer_sms - DEBUG - No pending messages found
2026-06-21 17:25:13 - producer_sms - DEBUG - No pending messages found
2026-06-21 17:25:14 - producer_sms - DEBUG - No pending messages found
2026-06-21 17:25:15 - producer_sms - DEBUG - No pending messages found
2026-06-21 17:25:16 - producer_sms - DEBUG - No pending messages found
2026-06-21 17:25:17 - producer_sms - DEBUG - No pending messages found
2026-06-21 17:25:18 - producer_sms - DEBUG - No pending messages found
2026-06-21 17:25:19 - producer_sms - DEBUG - No pending messages found
2026-06-21 17:25:20 - producer_sms - DEBUG - No pending messages found
2026-06-21 17:25:21 - producer_sms - DEBUG - No pending messages found
2026-06-21 17:25:22 - producer_sms - DEBUG - No pending messages found
2026-06-21 17:25:23 - producer_sms - DEBUG - No pending messages found
2026-06-21 17:25:24 - producer_sms - DEBUG - No pending messages found
2026-06-21 17:25:25 - producer_sms - DEBUG - No pending messages found
2026-06-21 17:25:26 - producer_sms - DEBUG - No pending messages found
2026-06-21 17:25:27 - producer_sms - DEBUG - No pending messages found
2026-06-21 17:25:28 - producer_sms - DEBUG - No pending messages found
2026-06-21 17:25:29 - producer_sms - DEBUG - No pending messages found
2026-06-21 17:25:30 - producer_sms - DEBUG - No pending messages found
2026-06-21 17:25:31 - producer_sms - DEBUG - No pending messages found
2026-06-21 17:25:32 - producer_sms - DEBUG - No pending messages found
2026-06-21 17:25:33 - producer_sms - DEBUG - No pending messages found
2026-06-21 17:25:34 - producer_sms - DEBUG - No pending messages found
2026-06-21 17:25:35 - producer_sms - DEBUG - No pending messages found
2026-06-21 17:25:36 - producer_sms - DEBUG - No pending messages found
2026-06-21 17:25:37 - producer_sms - DEBUG - No pending messages found
2026-06-21 17:25:38 - producer_sms - DEBUG - No pending messages found
2026-06-21 17:25:39 - producer_sms - DEBUG - No pending messages found
2026-06-21 17:25:40 - producer_sms - DEBUG - No pending messages found
2026-06-21 17:25:41 - producer_sms - DEBUG - No pending messages found
2026-06-21 17:25:42 - producer_sms - DEBUG - No pending messages found
2026-06-21 17:25:43 - producer_sms - DEBUG - No pending messages found
2026-06-21 17:25:44 - producer_sms - DEBUG - No pending messages found
2026-06-21 17:25:45 - producer_sms - DEBUG - No pending messages found
2026-06-21 17:25:46 - producer_sms - DEBUG - No pending messages found
2026-06-21 17:25:47 - producer_sms - DEBUG - No pending messages found
2026-06-21 17:25:48 - producer_sms - DEBUG - No pending messages found
2026-06-21 17:25:49 - producer_sms - DEBUG - No pending messages found
2026-06-21 17:25:50 - producer_sms - DEBUG - No pending messages found
2026-06-21 17:25:51 - producer_sms - DEBUG - No pending messages found
2026-06-21 17:25:52 - producer_sms - DEBUG - No pending messages found
2026-06-21 17:25:53 - producer_sms - DEBUG - No pending messages found
2026-06-21 17:25:54 - producer_sms - DEBUG - No pending messages found
2026-06-21 17:25:55 - producer_sms - DEBUG - No pending messages found
2026-06-21 17:25:56 - producer_sms - DEBUG - No pending messages found
2026-06-21 17:25:57 - producer_sms - DEBUG - No pending messages found
2026-06-21 17:25:58 - producer_sms - DEBUG - No pending messages found
2026-06-21 17:25:59 - producer_sms - DEBUG - No pending messages found
2026-06-21 17:26:00 - producer_sms - DEBUG - No pending messages found
2026-06-21 17:26:01 - producer_sms - DEBUG - No pending messages found
2026-06-21 17:26:02 - producer_sms - DEBUG - No pending messages found
2026-06-21 17:26:03 - producer_sms - DEBUG - No pending messages found
2026-06-21 17:26:04 - producer_sms - DEBUG - No pending messages found
2026-06-21 17:26:05 - producer_sms - DEBUG - No pending messages found
2026-06-21 17:26:06 - producer_sms - DEBUG - No pending messages found
2026-06-21 17:26:08 - producer_sms - DEBUG - No pending messages found
2026-06-21 17:26:09 - producer_sms - DEBUG - No pending messages found
2026-06-21 17:26:10 - producer_sms - DEBUG - No pending messages found
2026-06-21 17:26:11 - producer_sms - DEBUG - No pending messages found
2026-06-21 17:26:12 - producer_sms - DEBUG - No pending messages found
2026-06-21 17:26:13 - producer_sms - DEBUG - No pending messages found
2026-06-21 17:26:14 - producer_sms - DEBUG - No pending messages found
2026-06-21 17:26:15 - producer_sms - DEBUG - No pending messages found
2026-06-21 17:26:16 - producer_sms - DEBUG - No pending messages found
2026-06-21 17:26:17 - producer_sms - DEBUG - No pending messages found
2026-06-21 17:26:18 - producer_sms - DEBUG - No pending messages found
2026-06-21 17:26:19 - producer_sms - DEBUG - No pending messages found
2026-06-21 17:26:20 - producer_sms - DEBUG - No pending messages found
2026-06-21 17:26:21 - producer_sms - DEBUG - No pending messages found
2026-06-21 17:26:22 - producer_sms - DEBUG - No pending messages found
2026-06-21 17:26:23 - producer_sms - DEBUG - No pending messages found
2026-06-21 17:26:24 - producer_sms - DEBUG - No pending messages found
2026-06-21 17:26:25 - producer_sms - DEBUG - No pending messages found
2026-06-21 17:26:26 - producer_sms - DEBUG - No pending messages found
2026-06-21 17:26:27 - producer_sms - DEBUG - No pending messages found
2026-06-21 17:26:28 - producer_sms - DEBUG - No pending messages found
2026-06-21 17:26:29 - producer_sms - DEBUG - No pending messages found
2026-06-21 17:26:30 - producer_sms - DEBUG - No pending messages found
2026-06-21 17:26:31 - producer_sms - DEBUG - No pending messages found
2026-06-21 17:26:32 - producer_sms - DEBUG - No pending messages found
2026-06-21 17:26:33 - producer_sms - DEBUG - No pending messages found
2026-06-21 17:26:34 - producer_sms - DEBUG - No pending messages found
2026-06-21 17:26:35 - producer_sms - DEBUG - No pending messages found
2026-06-21 17:26:36 - producer_sms - DEBUG - No pending messages found
2026-06-21 17:26:37 - producer_sms - DEBUG - No pending messages found
2026-06-21 17:26:38 - producer_sms - DEBUG - No pending messages found
2026-06-21 17:26:39 - producer_sms - DEBUG - No pending messages found
2026-06-21 17:26:40 - producer_sms - DEBUG - No pending messages found
2026-06-21 17:26:41 - producer_sms - DEBUG - No pending messages found
2026-06-21 17:26:42 - producer_sms - DEBUG - No pending messages found
2026-06-21 17:26:43 - producer_sms - DEBUG - No pending messages found
2026-06-21 17:26:44 - producer_sms - DEBUG - No pending messages found
2026-06-21 17:26:45 - producer_sms - DEBUG - No pending messages found
2026-06-21 17:26:46 - producer_sms - DEBUG - No pending messages found
2026-06-21 17:26:47 - producer_sms - DEBUG - No pending messages found
2026-06-21 17:26:48 - producer_sms - DEBUG - No pending messages found
2026-06-21 17:26:50 - producer_sms - DEBUG - No pending messages found
2026-06-21 17:26:51 - producer_sms - DEBUG - No pending messages found
2026-06-21 17:26:52 - producer_sms - DEBUG - No pending messages found
2026-06-21 17:26:53 - producer_sms - DEBUG - No pending messages found
2026-06-21 17:26:54 - producer_sms - DEBUG - No pending messages found
2026-06-21 17:26:55 - producer_sms - DEBUG - No pending messages found
2026-06-21 17:26:56 - producer_sms - DEBUG - No pending messages found
2026-06-21 17:26:57 - producer_sms - DEBUG - No pending messages found
2026-06-21 17:26:58 - producer_sms - DEBUG - No pending messages found
2026-06-21 17:26:59 - producer_sms - DEBUG - No pending messages found
2026-06-21 17:27:00 - producer_sms - DEBUG - No pending messages found
2026-06-21 17:27:01 - producer_sms - DEBUG - No pending messages found
2026-06-21 17:27:02 - producer_sms - DEBUG - No pending messages found
2026-06-21 17:27:03 - producer_sms - DEBUG - No pending messages found
2026-06-21 17:27:04 - producer_sms - DEBUG - No pending messages found
2026-06-21 17:27:05 - producer_sms - DEBUG - No pending messages found
2026-06-21 17:27:06 - producer_sms - DEBUG - No pending messages found
2026-06-21 17:27:08 - producer_sms - DEBUG - No pending messages found
2026-06-21 17:27:09 - producer_sms - DEBUG - No pending messages found
2026-06-21 17:27:10 - producer_sms - DEBUG - No pending messages found
2026-06-21 17:27:11 - producer_sms - DEBUG - No pending messages found
2026-06-21 17:27:12 - producer_sms - DEBUG - No pending messages found
2026-06-21 17:27:13 - producer_sms - DEBUG - No pending messages found
2026-06-21 17:27:14 - producer_sms - DEBUG - No pending messages found
2026-06-21 17:27:15 - producer_sms - DEBUG - No pending messages found
2026-06-21 17:27:16 - producer_sms - DEBUG - No pending messages found
2026-06-21 17:27:17 - producer_sms - DEBUG - No pending messages found
2026-06-21 17:27:18 - producer_sms - DEBUG - No pending messages found
2026-06-21 17:27:19 - producer_sms - DEBUG - No pending messages found
2026-06-21 17:27:20 - producer_sms - DEBUG - No pending messages found
2026-06-21 17:27:21 - producer_sms - DEBUG - No pending messages found
2026-06-21 17:27:22 - producer_sms - DEBUG - No pending messages found
2026-06-21 17:27:23 - producer_sms - DEBUG - No pending messages found
2026-06-21 17:27:24 - producer_sms - DEBUG - No pending messages found
2026-06-21 17:27:25 - producer_sms - DEBUG - No pending messages found
2026-06-21 17:27:26 - producer_sms - DEBUG - No pending messages found
2026-06-21 17:27:27 - producer_sms - DEBUG - No pending messages found
2026-06-21 17:27:28 - producer_sms - DEBUG - No pending messages found
2026-06-21 17:27:29 - producer_sms - DEBUG - No pending messages found
2026-06-21 17:27:30 - producer_sms - DEBUG - No pending messages found
2026-06-21 17:27:31 - producer_sms - DEBUG - No pending messages found
2026-06-21 17:27:32 - producer_sms - DEBUG - No pending messages found
2026-06-21 17:27:33 - producer_sms - DEBUG - No pending messages found
2026-06-21 17:27:34 - producer_sms - DEBUG - No pending messages found
2026-06-21 17:27:35 - producer_sms - DEBUG - No pending messages found
2026-06-21 17:27:36 - producer_sms - DEBUG - No pending messages found
2026-06-21 17:27:37 - producer_sms - DEBUG - No pending messages found
2026-06-21 17:27:38 - producer_sms - DEBUG - No pending messages found
2026-06-21 17:27:39 - producer_sms - DEBUG - No pending messages found
2026-06-21 17:27:40 - producer_sms - DEBUG - No pending messages found
2026-06-21 17:27:41 - producer_sms - DEBUG - No pending messages found
2026-06-21 17:27:42 - producer_sms - DEBUG - No pending messages found
2026-06-21 17:27:43 - producer_sms - DEBUG - No pending messages found
2026-06-21 17:27:44 - producer_sms - DEBUG - No pending messages found
2026-06-21 17:27:45 - producer_sms - DEBUG - No pending messages found
2026-06-21 17:27:46 - producer_sms - DEBUG - No pending messages found
2026-06-21 17:27:47 - producer_sms - DEBUG - No pending messages found
2026-06-21 17:27:48 - producer_sms - DEBUG - No pending messages found
2026-06-21 17:27:49 - producer_sms - DEBUG - No pending messages found
2026-06-21 17:27:50 - producer_sms - DEBUG - No pending messages found
2026-06-21 17:27:51 - producer_sms - DEBUG - No pending messages found
2026-06-21 17:27:52 - producer_sms - DEBUG - No pending messages found
2026-06-21 17:27:53 - producer_sms - DEBUG - No pending messages found
2026-06-21 17:27:54 - producer_sms - DEBUG - No pending messages found
2026-06-21 17:27:55 - producer_sms - DEBUG - No pending messages found
2026-06-21 17:27:56 - producer_sms - DEBUG - No pending messages found
2026-06-21 17:27:57 - producer_sms - DEBUG - No pending messages found
2026-06-21 17:27:58 - producer_sms - DEBUG - No pending messages found
2026-06-21 17:27:59 - producer_sms - DEBUG - No pending messages found
2026-06-21 17:28:00 - producer_sms - DEBUG - No pending messages found
2026-06-21 17:28:01 - producer_sms - DEBUG - No pending messages found
2026-06-21 17:28:02 - producer_sms - DEBUG - No pending messages found
2026-06-21 17:28:03 - producer_sms - DEBUG - No pending messages found
2026-06-21 17:28:04 - producer_sms - DEBUG - No pending messages found
2026-06-21 17:28:05 - producer_sms - DEBUG - No pending messages found
2026-06-21 17:28:06 - producer_sms - DEBUG - No pending messages found
2026-06-21 17:28:07 - producer_sms - DEBUG - No pending messages found
2026-06-21 17:28:08 - producer_sms - DEBUG - No pending messages found
2026-06-21 17:28:09 - producer_sms - DEBUG - No pending messages found
2026-06-21 17:28:10 - producer_sms - DEBUG - No pending messages found
2026-06-21 17:28:11 - producer_sms - DEBUG - No pending messages found
2026-06-21 17:28:12 - producer_sms - DEBUG - No pending messages found
2026-06-21 17:28:13 - producer_sms - DEBUG - No pending messages found
2026-06-21 17:28:14 - producer_sms - DEBUG - No pending messages found
2026-06-21 17:28:15 - producer_sms - DEBUG - No pending messages found
2026-06-21 17:28:16 - producer_sms - DEBUG - No pending messages found
2026-06-21 17:28:17 - producer_sms - DEBUG - No pending messages found
2026-06-21 17:28:18 - producer_sms - DEBUG - No pending messages found
2026-06-21 17:28:19 - producer_sms - DEBUG - No pending messages found
2026-06-21 17:28:20 - producer_sms - DEBUG - No pending messages found
2026-06-21 17:28:21 - producer_sms - DEBUG - No pending messages found
2026-06-21 17:28:22 - producer_sms - DEBUG - No pending messages found
2026-06-21 17:28:23 - producer_sms - DEBUG - No pending messages found
2026-06-21 17:28:24 - producer_sms - DEBUG - No pending messages found
2026-06-21 17:28:25 - producer_sms - DEBUG - No pending messages found
2026-06-21 17:28:26 - producer_sms - DEBUG - No pending messages found
2026-06-21 17:28:27 - producer_sms - DEBUG - No pending messages found
2026-06-21 17:28:28 - producer_sms - DEBUG - No pending messages found
2026-06-21 17:28:29 - producer_sms - DEBUG - No pending messages found
2026-06-21 17:28:30 - producer_sms - DEBUG - No pending messages found
2026-06-21 17:28:31 - producer_sms - DEBUG - No pending messages found
2026-06-21 17:28:32 - producer_sms - DEBUG - No pending messages found
2026-06-21 17:28:33 - producer_sms - DEBUG - No pending messages found
2026-06-21 17:28:34 - producer_sms - DEBUG - No pending messages found
2026-06-21 17:28:35 - producer_sms - DEBUG - No pending messages found
2026-06-21 17:28:36 - producer_sms - DEBUG - No pending messages found
2026-06-21 17:28:37 - producer_sms - DEBUG - No pending messages found
2026-06-21 17:28:38 - producer_sms - DEBUG - No pending messages found
2026-06-21 17:28:39 - producer_sms - DEBUG - No pending messages found
2026-06-21 17:28:40 - producer_sms - DEBUG - No pending messages found
2026-06-21 17:28:41 - producer_sms - DEBUG - No pending messages found
2026-06-21 17:28:42 - producer_sms - DEBUG - No pending messages found
2026-06-21 17:28:43 - producer_sms - DEBUG - No pending messages found
2026-06-21 17:28:44 - producer_sms - DEBUG - No pending messages found
2026-06-21 17:28:45 - producer_sms - DEBUG - No pending messages found
2026-06-21 17:28:46 - producer_sms - DEBUG - No pending messages found
2026-06-21 17:28:47 - producer_sms - DEBUG - No pending messages found
2026-06-21 17:28:48 - producer_sms - DEBUG - No pending messages found
2026-06-21 17:28:49 - producer_sms - DEBUG - No pending messages found
2026-06-21 17:28:50 - producer_sms - DEBUG - No pending messages found
2026-06-21 17:28:51 - producer_sms - DEBUG - No pending messages found
2026-06-21 17:28:52 - producer_sms - DEBUG - No pending messages found
2026-06-21 17:28:53 - producer_sms - DEBUG - No pending messages found
2026-06-21 17:28:54 - producer_sms - DEBUG - No pending messages found
2026-06-21 17:28:55 - producer_sms - DEBUG - No pending messages found
2026-06-21 17:28:56 - producer_sms - DEBUG - No pending messages found
2026-06-21 17:28:57 - producer_sms - DEBUG - No pending messages found
2026-06-21 17:28:58 - producer_sms - DEBUG - No pending messages found
2026-06-21 17:28:59 - producer_sms - DEBUG - No pending messages found
2026-06-21 17:29:00 - producer_sms - DEBUG - No pending messages found
2026-06-21 17:29:01 - producer_sms - DEBUG - No pending messages found
2026-06-21 17:29:02 - producer_sms - DEBUG - No pending messages found
2026-06-21 17:29:03 - producer_sms - DEBUG - No pending messages found
2026-06-21 17:29:04 - producer_sms - DEBUG - No pending messages found
2026-06-21 17:29:05 - producer_sms - DEBUG - No pending messages found
2026-06-21 17:29:06 - producer_sms - DEBUG - No pending messages found
2026-06-21 17:29:07 - producer_sms - DEBUG - No pending messages found
2026-06-21 17:29:08 - producer_sms - DEBUG - No pending messages found
2026-06-21 17:29:09 - producer_sms - DEBUG - No pending messages found
2026-06-21 17:29:10 - producer_sms - DEBUG - No pending messages found
2026-06-21 17:29:11 - producer_sms - DEBUG - No pending messages found
2026-06-21 17:29:12 - producer_sms - DEBUG - No pending messages found
2026-06-21 17:29:13 - producer_sms - DEBUG - No pending messages found
2026-06-21 17:29:14 - producer_sms - DEBUG - No pending messages found
2026-06-21 17:29:15 - producer_sms - DEBUG - No pending messages found
2026-06-21 17:29:16 - producer_sms - DEBUG - No pending messages found
2026-06-21 17:29:17 - producer_sms - DEBUG - No pending messages found
2026-06-21 17:29:18 - producer_sms - DEBUG - No pending messages found
2026-06-21 17:29:19 - producer_sms - DEBUG - No pending messages found
2026-06-21 17:29:20 - producer_sms - DEBUG - No pending messages found
2026-06-21 17:29:21 - producer_sms - DEBUG - No pending messages found
2026-06-21 17:29:22 - producer_sms - DEBUG - No pending messages found
2026-06-21 17:29:23 - producer_sms - DEBUG - No pending messages found
2026-06-21 17:29:24 - producer_sms - DEBUG - No pending messages found
2026-06-21 17:29:25 - producer_sms - DEBUG - No pending messages found
2026-06-21 17:29:26 - producer_sms - DEBUG - No pending messages found
2026-06-21 17:29:27 - producer_sms - DEBUG - No pending messages found
2026-06-21 17:29:28 - producer_sms - DEBUG - No pending messages found
2026-06-21 17:29:29 - producer_sms - DEBUG - No pending messages found
2026-06-21 17:29:30 - producer_sms - DEBUG - No pending messages found
2026-06-21 17:29:31 - producer_sms - DEBUG - No pending messages found
2026-06-21 17:29:32 - producer_sms - DEBUG - No pending messages found
2026-06-21 17:29:33 - producer_sms - DEBUG - No pending messages found
2026-06-21 17:29:34 - producer_sms - DEBUG - No pending messages found
2026-06-21 17:29:35 - producer_sms - DEBUG - No pending messages found
2026-06-21 17:29:37 - producer_sms - DEBUG - No pending messages found
2026-06-21 17:29:38 - producer_sms - DEBUG - No pending messages found
2026-06-21 17:29:39 - producer_sms - DEBUG - No pending messages found
2026-06-21 17:29:40 - producer_sms - DEBUG - No pending messages found
2026-06-21 17:29:41 - producer_sms - DEBUG - No pending messages found
2026-06-21 17:29:42 - producer_sms - DEBUG - No pending messages found
2026-06-21 17:29:43 - producer_sms - DEBUG - No pending messages found
2026-06-21 17:29:44 - producer_sms - DEBUG - No pending messages found
2026-06-21 17:29:45 - producer_sms - DEBUG - No pending messages found
2026-06-21 17:29:46 - producer_sms - DEBUG - No pending messages found
2026-06-21 17:29:47 - producer_sms - DEBUG - No pending messages found
2026-06-21 17:29:48 - producer_sms - DEBUG - No pending messages found
2026-06-21 17:29:49 - producer_sms - DEBUG - No pending messages found
2026-06-21 17:29:50 - producer_sms - DEBUG - No pending messages found
2026-06-21 17:29:51 - producer_sms - DEBUG - No pending messages found
2026-06-21 17:29:52 - producer_sms - DEBUG - No pending messages found
2026-06-21 17:29:53 - producer_sms - DEBUG - No pending messages found
2026-06-21 17:29:54 - producer_sms - DEBUG - No pending messages found
2026-06-21 17:29:55 - producer_sms - DEBUG - No pending messages found
2026-06-21 17:29:56 - producer_sms - DEBUG - No pending messages found
2026-06-21 17:29:57 - producer_sms - DEBUG - No pending messages found
2026-06-21 17:29:58 - producer_sms - DEBUG - No pending messages found
2026-06-21 17:29:59 - producer_sms - DEBUG - No pending messages found
2026-06-21 17:30:00 - producer_sms - DEBUG - No pending messages found
2026-06-21 17:30:01 - producer_sms - DEBUG - No pending messages found
2026-06-21 17:30:02 - producer_sms - DEBUG - No pending messages found
2026-06-21 17:30:03 - producer_sms - DEBUG - No pending messages found
2026-06-21 17:30:04 - producer_sms - DEBUG - No pending messages found
2026-06-21 17:30:05 - producer_sms - DEBUG - No pending messages found
2026-06-21 17:30:06 - producer_sms - DEBUG - No pending messages found
2026-06-21 17:30:07 - producer_sms - DEBUG - No pending messages found
2026-06-21 17:30:08 - producer_sms - DEBUG - No pending messages found
2026-06-21 17:30:09 - producer_sms - DEBUG - No pending messages found
2026-06-21 17:30:10 - producer_sms - DEBUG - No pending messages found
2026-06-21 17:30:11 - producer_sms - DEBUG - No pending messages found
2026-06-21 17:30:12 - producer_sms - DEBUG - No pending messages found
2026-06-21 17:30:13 - producer_sms - DEBUG - No pending messages found
2026-06-21 17:30:14 - producer_sms - DEBUG - No pending messages found
2026-06-21 17:30:15 - producer_sms - DEBUG - No pending messages found
2026-06-21 17:30:16 - producer_sms - DEBUG - No pending messages found
2026-06-21 17:30:17 - producer_sms - DEBUG - No pending messages found
2026-06-21 17:30:18 - producer_sms - DEBUG - No pending messages found
2026-06-21 17:30:19 - producer_sms - DEBUG - No pending messages found
2026-06-21 17:30:20 - producer_sms - DEBUG - No pending messages found
2026-06-21 17:30:21 - producer_sms - DEBUG - No pending messages found
2026-06-21 17:30:22 - producer_sms - DEBUG - No pending messages found
2026-06-21 17:30:23 - producer_sms - DEBUG - No pending messages found
2026-06-21 17:30:24 - producer_sms - DEBUG - No pending messages found
2026-06-21 17:30:25 - producer_sms - DEBUG - No pending messages found
2026-06-21 17:30:26 - producer_sms - DEBUG - No pending messages found
2026-06-21 17:30:27 - producer_sms - DEBUG - No pending messages found
2026-06-21 17:30:28 - producer_sms - DEBUG - No pending messages found
2026-06-21 17:30:29 - producer_sms - DEBUG - No pending messages found
2026-06-21 17:30:30 - producer_sms - DEBUG - No pending messages found
2026-06-21 17:30:31 - producer_sms - DEBUG - No pending messages found
2026-06-21 17:30:32 - producer_sms - DEBUG - No pending messages found
2026-06-21 17:30:33 - producer_sms - DEBUG - No pending messages found
2026-06-21 17:30:34 - producer_sms - DEBUG - No pending messages found
2026-06-21 17:30:35 - producer_sms - DEBUG - No pending messages found
2026-06-21 17:30:36 - producer_sms - DEBUG - No pending messages found
2026-06-21 17:30:37 - producer_sms - DEBUG - No pending messages found
2026-06-21 17:30:38 - producer_sms - DEBUG - No pending messages found
2026-06-21 17:30:39 - producer_sms - DEBUG - No pending messages found
2026-06-21 17:30:40 - producer_sms - DEBUG - No pending messages found
2026-06-21 17:30:41 - producer_sms - DEBUG - No pending messages found
2026-06-21 17:30:42 - producer_sms - DEBUG - No pending messages found
2026-06-21 17:30:43 - producer_sms - DEBUG - No pending messages found
2026-06-21 17:30:44 - producer_sms - DEBUG - No pending messages found
2026-06-21 17:30:45 - producer_sms - DEBUG - No pending messages found
2026-06-21 17:30:46 - producer_sms - DEBUG - No pending messages found
2026-06-21 17:30:47 - producer_sms - DEBUG - No pending messages found
2026-06-21 17:30:48 - producer_sms - DEBUG - No pending messages found
2026-06-21 17:30:49 - producer_sms - DEBUG - No pending messages found
2026-06-21 17:30:50 - producer_sms - DEBUG - No pending messages found
2026-06-21 17:30:51 - producer_sms - DEBUG - No pending messages found
2026-06-21 17:30:52 - producer_sms - DEBUG - No pending messages found
2026-06-21 17:30:53 - producer_sms - DEBUG - No pending messages found
2026-06-21 17:30:54 - producer_sms - DEBUG - No pending messages found
2026-06-21 17:30:55 - producer_sms - DEBUG - No pending messages found
2026-06-21 17:30:56 - producer_sms - DEBUG - No pending messages found
2026-06-21 17:30:57 - producer_sms - DEBUG - No pending messages found
2026-06-21 17:30:58 - producer_sms - DEBUG - No pending messages found
2026-06-21 17:30:59 - producer_sms - DEBUG - No pending messages found
2026-06-21 17:31:00 - producer_sms - DEBUG - No pending messages found
2026-06-21 17:31:01 - producer_sms - DEBUG - No pending messages found
2026-06-21 17:31:02 - producer_sms - DEBUG - No pending messages found
2026-06-21 17:31:03 - producer_sms - DEBUG - No pending messages found
2026-06-21 17:31:04 - producer_sms - DEBUG - No pending messages found
2026-06-21 17:31:05 - producer_sms - DEBUG - No pending messages found
2026-06-21 17:31:06 - producer_sms - DEBUG - No pending messages found
2026-06-21 17:31:07 - producer_sms - DEBUG - No pending messages found
2026-06-21 17:31:08 - producer_sms - DEBUG - No pending messages found
2026-06-21 17:31:09 - producer_sms - DEBUG - No pending messages found
2026-06-21 17:31:10 - producer_sms - DEBUG - No pending messages found
2026-06-21 17:31:11 - producer_sms - DEBUG - No pending messages found
2026-06-21 17:31:12 - producer_sms - DEBUG - No pending messages found
2026-06-21 17:31:13 - producer_sms - DEBUG - No pending messages found
2026-06-21 17:31:14 - producer_sms - DEBUG - No pending messages found
2026-06-21 17:31:15 - producer_sms - DEBUG - No pending messages found
2026-06-21 17:31:16 - producer_sms - DEBUG - No pending messages found
2026-06-21 17:31:17 - producer_sms - DEBUG - No pending messages found
2026-06-21 17:31:18 - producer_sms - DEBUG - No pending messages found
2026-06-21 17:31:19 - producer_sms - DEBUG - No pending messages found
2026-06-21 17:31:20 - producer_sms - DEBUG - No pending messages found
2026-06-21 17:31:21 - producer_sms - DEBUG - No pending messages found
2026-06-21 17:31:22 - producer_sms - DEBUG - No pending messages found
2026-06-21 17:31:23 - producer_sms - DEBUG - No pending messages found
2026-06-21 17:31:24 - producer_sms - DEBUG - No pending messages found
2026-06-21 17:31:25 - producer_sms - DEBUG - No pending messages found
2026-06-21 17:31:26 - producer_sms - DEBUG - No pending messages found
2026-06-21 17:31:27 - producer_sms - DEBUG - No pending messages found
2026-06-21 17:31:28 - producer_sms - DEBUG - No pending messages found
2026-06-21 17:31:29 - producer_sms - DEBUG - No pending messages found
2026-06-21 17:31:30 - producer_sms - DEBUG - No pending messages found
2026-06-21 17:31:31 - producer_sms - DEBUG - No pending messages found
2026-06-21 17:31:32 - producer_sms - DEBUG - No pending messages found
2026-06-21 17:31:33 - producer_sms - DEBUG - No pending messages found
2026-06-21 17:31:34 - producer_sms - DEBUG - No pending messages found
2026-06-21 17:31:35 - producer_sms - DEBUG - No pending messages found
2026-06-21 17:31:36 - producer_sms - DEBUG - No pending messages found
2026-06-21 17:31:37 - producer_sms - DEBUG - No pending messages found
2026-06-21 17:31:38 - producer_sms - DEBUG - No pending messages found
2026-06-21 17:31:39 - producer_sms - DEBUG - No pending messages found
2026-06-21 17:31:40 - producer_sms - DEBUG - No pending messages found
2026-06-21 17:31:41 - producer_sms - DEBUG - No pending messages found
2026-06-21 17:31:42 - producer_sms - DEBUG - No pending messages found
2026-06-21 17:31:43 - producer_sms - DEBUG - No pending messages found
2026-06-21 17:31:44 - producer_sms - DEBUG - No pending messages found
2026-06-21 17:31:45 - producer_sms - DEBUG - No pending messages found
2026-06-21 17:31:46 - producer_sms - DEBUG - No pending messages found
2026-06-21 17:31:47 - producer_sms - DEBUG - No pending messages found
2026-06-21 17:31:48 - producer_sms - DEBUG - No pending messages found
2026-06-21 17:31:49 - producer_sms - DEBUG - No pending messages found
2026-06-21 17:31:50 - producer_sms - DEBUG - No pending messages found
2026-06-21 17:31:51 - producer_sms - DEBUG - No pending messages found
2026-06-21 17:31:52 - producer_sms - DEBUG - No pending messages found
2026-06-21 17:31:53 - producer_sms - DEBUG - No pending messages found
2026-06-21 17:31:54 - producer_sms - DEBUG - No pending messages found
2026-06-21 17:31:55 - producer_sms - DEBUG - No pending messages found
2026-06-21 17:31:56 - producer_sms - DEBUG - No pending messages found
2026-06-21 17:31:57 - producer_sms - DEBUG - No pending messages found
2026-06-21 17:31:58 - producer_sms - DEBUG - No pending messages found
2026-06-21 17:31:59 - producer_sms - DEBUG - No pending messages found
2026-06-21 17:32:00 - producer_sms - DEBUG - No pending messages found
2026-06-21 17:32:01 - producer_sms - DEBUG - No pending messages found
2026-06-21 17:32:02 - producer_sms - DEBUG - No pending messages found
2026-06-21 17:32:03 - producer_sms - DEBUG - No pending messages found
2026-06-21 17:32:04 - producer_sms - DEBUG - No pending messages found
2026-06-21 17:32:05 - producer_sms - DEBUG - No pending messages found
2026-06-21 17:32:06 - producer_sms - DEBUG - No pending messages found
2026-06-21 17:32:07 - producer_sms - DEBUG - No pending messages found
2026-06-21 17:32:08 - producer_sms - DEBUG - No pending messages found
2026-06-21 17:32:09 - producer_sms - DEBUG - No pending messages found
2026-06-21 17:32:10 - producer_sms - DEBUG - No pending messages found
2026-06-21 17:32:11 - producer_sms - DEBUG - No pending messages found
2026-06-21 17:32:12 - producer_sms - DEBUG - No pending messages found
2026-06-21 17:32:13 - producer_sms - DEBUG - No pending messages found
2026-06-21 17:32:14 - producer_sms - DEBUG - No pending messages found
2026-06-21 17:32:15 - producer_sms - DEBUG - No pending messages found
2026-06-21 17:32:16 - producer_sms - DEBUG - No pending messages found
2026-06-21 17:32:17 - producer_sms - DEBUG - No pending messages found
2026-06-21 17:32:18 - producer_sms - DEBUG - No pending messages found
2026-06-21 17:32:19 - producer_sms - DEBUG - No pending messages found
2026-06-21 17:32:20 - producer_sms - DEBUG - No pending messages found
2026-06-21 17:32:22 - producer_sms - DEBUG - No pending messages found
2026-06-21 17:32:23 - producer_sms - DEBUG - No pending messages found
2026-06-21 17:32:24 - producer_sms - DEBUG - No pending messages found
2026-06-21 17:32:25 - producer_sms - DEBUG - No pending messages found
2026-06-21 17:32:26 - producer_sms - DEBUG - No pending messages found
2026-06-21 17:32:27 - producer_sms - DEBUG - No pending messages found
2026-06-21 17:32:28 - producer_sms - DEBUG - No pending messages found
2026-06-21 17:32:29 - producer_sms - DEBUG - No pending messages found
2026-06-21 17:32:30 - producer_sms - DEBUG - No pending messages found
2026-06-21 17:32:31 - producer_sms - DEBUG - No pending messages found
2026-06-21 17:32:32 - producer_sms - DEBUG - No pending messages found
2026-06-21 17:32:33 - producer_sms - DEBUG - No pending messages found
2026-06-21 17:32:34 - producer_sms - DEBUG - No pending messages found
2026-06-21 17:32:35 - producer_sms - DEBUG - No pending messages found
2026-06-21 17:32:36 - producer_sms - DEBUG - No pending messages found
2026-06-21 17:32:37 - producer_sms - DEBUG - No pending messages found
2026-06-21 17:32:38 - producer_sms - DEBUG - No pending messages found
2026-06-21 17:32:39 - producer_sms - DEBUG - No pending messages found
2026-06-21 17:32:40 - producer_sms - DEBUG - No pending messages found
2026-06-21 17:32:41 - producer_sms - DEBUG - No pending messages found
2026-06-21 17:32:42 - producer_sms - DEBUG - No pending messages found
2026-06-21 17:32:43 - producer_sms - DEBUG - No pending messages found
2026-06-21 17:32:44 - producer_sms - DEBUG - No pending messages found
2026-06-21 17:32:45 - producer_sms - DEBUG - No pending messages found
2026-06-21 17:32:46 - producer_sms - DEBUG - No pending messages found
2026-06-21 17:32:47 - producer_sms - DEBUG - No pending messages found
2026-06-21 17:32:48 - producer_sms - DEBUG - No pending messages found
2026-06-21 17:32:49 - producer_sms - DEBUG - No pending messages found
2026-06-21 17:32:50 - producer_sms - DEBUG - No pending messages found
2026-06-21 17:32:51 - producer_sms - DEBUG - No pending messages found
2026-06-21 17:32:52 - producer_sms - DEBUG - No pending messages found
2026-06-21 17:32:53 - producer_sms - DEBUG - No pending messages found
2026-06-21 17:32:54 - producer_sms - DEBUG - No pending messages found
2026-06-21 17:32:55 - producer_sms - DEBUG - No pending messages found
2026-06-21 17:32:56 - producer_sms - DEBUG - No pending messages found
2026-06-21 17:32:57 - producer_sms - DEBUG - No pending messages found
2026-06-21 17:32:58 - producer_sms - DEBUG - No pending messages found
2026-06-21 17:32:59 - producer_sms - DEBUG - No pending messages found
2026-06-21 17:33:00 - producer_sms - DEBUG - No pending messages found
2026-06-21 17:33:01 - producer_sms - DEBUG - No pending messages found
2026-06-21 17:33:02 - producer_sms - DEBUG - No pending messages found
2026-06-21 17:33:03 - producer_sms - DEBUG - No pending messages found
2026-06-21 17:33:04 - producer_sms - DEBUG - No pending messages found
2026-06-21 17:33:05 - producer_sms - DEBUG - No pending messages found
2026-06-21 17:33:06 - producer_sms - DEBUG - No pending messages found
2026-06-21 17:33:07 - producer_sms - DEBUG - No pending messages found
2026-06-21 17:33:08 - producer_sms - DEBUG - No pending messages found
2026-06-21 17:33:09 - producer_sms - DEBUG - No pending messages found
2026-06-21 17:33:10 - producer_sms - DEBUG - No pending messages found
2026-06-21 17:33:11 - producer_sms - DEBUG - No pending messages found
2026-06-21 17:33:12 - producer_sms - DEBUG - No pending messages found
2026-06-21 17:33:13 - producer_sms - DEBUG - No pending messages found
2026-06-21 17:33:14 - producer_sms - DEBUG - No pending messages found
2026-06-21 17:33:15 - producer_sms - DEBUG - No pending messages found
2026-06-21 17:33:16 - producer_sms - DEBUG - No pending messages found
2026-06-21 17:33:17 - producer_sms - DEBUG - No pending messages found
2026-06-21 17:33:18 - producer_sms - DEBUG - No pending messages found
2026-06-21 17:33:19 - producer_sms - DEBUG - No pending messages found
2026-06-21 17:33:20 - producer_sms - DEBUG - No pending messages found
2026-06-21 17:33:21 - producer_sms - DEBUG - No pending messages found
2026-06-21 17:33:22 - producer_sms - DEBUG - No pending messages found
2026-06-21 17:33:23 - producer_sms - DEBUG - No pending messages found
2026-06-21 17:33:24 - producer_sms - DEBUG - No pending messages found
2026-06-21 17:33:25 - producer_sms - DEBUG - No pending messages found
2026-06-21 17:33:26 - producer_sms - DEBUG - No pending messages found
2026-06-21 17:33:27 - producer_sms - DEBUG - No pending messages found
2026-06-21 17:33:28 - producer_sms - DEBUG - No pending messages found
2026-06-21 17:33:29 - producer_sms - DEBUG - No pending messages found
2026-06-21 17:33:30 - producer_sms - DEBUG - No pending messages found
2026-06-21 17:33:31 - producer_sms - DEBUG - No pending messages found
2026-06-21 17:33:32 - producer_sms - DEBUG - No pending messages found
2026-06-21 17:33:33 - producer_sms - DEBUG - No pending messages found
2026-06-21 17:33:34 - producer_sms - DEBUG - No pending messages found
2026-06-21 17:33:35 - producer_sms - DEBUG - No pending messages found
2026-06-21 17:33:36 - producer_sms - DEBUG - No pending messages found
2026-06-21 17:33:37 - producer_sms - DEBUG - No pending messages found
2026-06-21 17:33:38 - producer_sms - DEBUG - No pending messages found
2026-06-21 17:33:39 - producer_sms - DEBUG - No pending messages found
2026-06-21 17:33:40 - producer_sms - DEBUG - No pending messages found
2026-06-21 17:33:41 - producer_sms - DEBUG - No pending messages found
2026-06-21 17:33:42 - producer_sms - DEBUG - No pending messages found
2026-06-21 17:33:43 - producer_sms - DEBUG - No pending messages found
2026-06-21 17:33:44 - producer_sms - DEBUG - No pending messages found
2026-06-21 17:33:45 - producer_sms - DEBUG - No pending messages found
2026-06-21 17:33:46 - producer_sms - DEBUG - No pending messages found
2026-06-21 17:33:47 - producer_sms - DEBUG - No pending messages found
2026-06-21 17:33:48 - producer_sms - DEBUG - No pending messages found
2026-06-21 17:33:49 - producer_sms - DEBUG - No pending messages found
2026-06-21 17:33:50 - producer_sms - DEBUG - No pending messages found
2026-06-21 17:33:51 - producer_sms - DEBUG - No pending messages found
2026-06-21 17:33:52 - producer_sms - DEBUG - No pending messages found
2026-06-21 17:33:53 - producer_sms - DEBUG - No pending messages found
2026-06-21 17:33:54 - producer_sms - DEBUG - No pending messages found
2026-06-21 17:33:55 - producer_sms - DEBUG - No pending messages found
2026-06-21 17:33:56 - producer_sms - DEBUG - No pending messages found
2026-06-21 17:33:57 - producer_sms - DEBUG - No pending messages found
2026-06-21 17:33:58 - producer_sms - DEBUG - No pending messages found
2026-06-21 17:33:59 - producer_sms - DEBUG - No pending messages found
2026-06-21 17:34:00 - producer_sms - DEBUG - No pending messages found
2026-06-21 17:34:01 - producer_sms - DEBUG - No pending messages found
2026-06-21 17:34:02 - producer_sms - DEBUG - No pending messages found
2026-06-21 17:34:03 - producer_sms - DEBUG - No pending messages found
2026-06-21 17:34:04 - producer_sms - DEBUG - No pending messages found
2026-06-21 17:34:05 - producer_sms - DEBUG - No pending messages found
2026-06-21 17:34:06 - producer_sms - DEBUG - No pending messages found
2026-06-21 17:34:07 - producer_sms - DEBUG - No pending messages found
2026-06-21 17:34:08 - producer_sms - DEBUG - No pending messages found
2026-06-21 17:34:09 - producer_sms - DEBUG - No pending messages found
2026-06-21 17:34:10 - producer_sms - DEBUG - No pending messages found
2026-06-21 17:34:11 - producer_sms - DEBUG - No pending messages found
2026-06-21 17:34:12 - producer_sms - DEBUG - No pending messages found
2026-06-21 17:34:13 - producer_sms - DEBUG - No pending messages found
2026-06-21 17:34:14 - producer_sms - DEBUG - No pending messages found
2026-06-21 17:34:15 - producer_sms - DEBUG - No pending messages found
2026-06-21 17:34:16 - producer_sms - DEBUG - No pending messages found
2026-06-21 17:34:17 - producer_sms - DEBUG - No pending messages found
2026-06-21 17:34:18 - producer_sms - DEBUG - No pending messages found
2026-06-21 17:34:19 - producer_sms - DEBUG - No pending messages found
2026-06-21 17:34:20 - producer_sms - DEBUG - No pending messages found
2026-06-21 17:34:21 - producer_sms - DEBUG - No pending messages found
2026-06-21 17:34:22 - producer_sms - DEBUG - No pending messages found
2026-06-21 17:34:23 - producer_sms - DEBUG - No pending messages found
2026-06-21 17:34:24 - producer_sms - DEBUG - No pending messages found
2026-06-21 17:34:25 - producer_sms - DEBUG - No pending messages found
2026-06-21 17:34:26 - producer_sms - DEBUG - No pending messages found
2026-06-21 17:34:27 - producer_sms - DEBUG - No pending messages found
2026-06-21 17:34:28 - producer_sms - DEBUG - No pending messages found
2026-06-21 17:34:29 - producer_sms - DEBUG - No pending messages found
2026-06-21 17:34:30 - producer_sms - DEBUG - No pending messages found
2026-06-21 17:34:31 - producer_sms - DEBUG - No pending messages found
2026-06-21 17:34:32 - producer_sms - DEBUG - No pending messages found
2026-06-21 17:34:33 - producer_sms - DEBUG - No pending messages found
2026-06-21 17:34:34 - producer_sms - DEBUG - No pending messages found
2026-06-21 17:34:35 - producer_sms - DEBUG - No pending messages found
2026-06-21 17:34:36 - producer_sms - DEBUG - No pending messages found
2026-06-21 17:34:37 - producer_sms - DEBUG - No pending messages found
2026-06-21 17:34:38 - producer_sms - DEBUG - No pending messages found
2026-06-21 17:34:39 - producer_sms - DEBUG - No pending messages found
2026-06-21 17:34:40 - producer_sms - DEBUG - No pending messages found
2026-06-21 17:34:41 - producer_sms - DEBUG - No pending messages found
2026-06-21 17:34:42 - producer_sms - DEBUG - No pending messages found
2026-06-21 17:34:43 - producer_sms - DEBUG - No pending messages found
2026-06-21 17:34:44 - producer_sms - DEBUG - No pending messages found
2026-06-21 17:34:45 - producer_sms - DEBUG - No pending messages found
2026-06-21 17:34:46 - producer_sms - DEBUG - No pending messages found
2026-06-21 17:34:47 - producer_sms - DEBUG - No pending messages found
2026-06-21 17:34:48 - producer_sms - DEBUG - No pending messages found
2026-06-21 17:34:49 - producer_sms - DEBUG - No pending messages found
2026-06-21 17:34:50 - producer_sms - DEBUG - No pending messages found
2026-06-21 17:34:51 - producer_sms - DEBUG - No pending messages found
2026-06-21 17:34:52 - producer_sms - DEBUG - No pending messages found
2026-06-21 17:34:53 - producer_sms - DEBUG - No pending messages found
2026-06-21 17:34:54 - producer_sms - DEBUG - No pending messages found
2026-06-21 17:34:55 - producer_sms - DEBUG - No pending messages found
2026-06-21 17:34:56 - producer_sms - DEBUG - No pending messages found
2026-06-21 17:34:57 - producer_sms - DEBUG - No pending messages found
2026-06-21 17:34:58 - producer_sms - DEBUG - No pending messages found
2026-06-21 17:35:00 - producer_sms - DEBUG - No pending messages found
2026-06-21 17:35:01 - producer_sms - DEBUG - No pending messages found
2026-06-21 17:35:02 - producer_sms - DEBUG - No pending messages found
2026-06-21 17:35:03 - producer_sms - DEBUG - No pending messages found
2026-06-21 17:35:04 - producer_sms - DEBUG - No pending messages found
2026-06-21 17:35:05 - producer_sms - DEBUG - No pending messages found
2026-06-21 17:35:06 - producer_sms - DEBUG - No pending messages found
2026-06-21 17:35:07 - producer_sms - DEBUG - No pending messages found
2026-06-21 17:35:08 - producer_sms - DEBUG - No pending messages found
2026-06-21 17:35:09 - producer_sms - DEBUG - No pending messages found
2026-06-21 17:35:10 - producer_sms - DEBUG - No pending messages found
2026-06-21 17:35:11 - producer_sms - DEBUG - No pending messages found
2026-06-21 17:35:12 - producer_sms - DEBUG - No pending messages found
2026-06-21 17:35:13 - producer_sms - DEBUG - No pending messages found
2026-06-21 17:35:14 - producer_sms - DEBUG - No pending messages found
2026-06-21 17:35:15 - producer_sms - DEBUG - No pending messages found
2026-06-21 17:35:16 - producer_sms - DEBUG - No pending messages found
2026-06-21 17:35:17 - producer_sms - DEBUG - No pending messages found
2026-06-21 17:35:18 - producer_sms - DEBUG - No pending messages found
2026-06-21 17:35:19 - producer_sms - DEBUG - No pending messages found
2026-06-21 17:35:20 - producer_sms - DEBUG - No pending messages found
2026-06-21 17:35:21 - producer_sms - DEBUG - No pending messages found
2026-06-21 17:35:22 - producer_sms - DEBUG - No pending messages found
2026-06-21 17:35:23 - producer_sms - DEBUG - No pending messages found
2026-06-21 17:35:24 - producer_sms - DEBUG - No pending messages found
2026-06-21 17:35:25 - producer_sms - DEBUG - No pending messages found
2026-06-21 17:35:26 - producer_sms - DEBUG - No pending messages found
2026-06-21 17:35:27 - producer_sms - DEBUG - No pending messages found
2026-06-21 17:35:28 - producer_sms - DEBUG - No pending messages found
2026-06-21 17:35:30 - producer_sms - DEBUG - No pending messages found
2026-06-21 17:35:31 - producer_sms - DEBUG - No pending messages found
2026-06-21 17:35:32 - producer_sms - DEBUG - No pending messages found
2026-06-21 17:35:33 - producer_sms - DEBUG - No pending messages found
2026-06-21 17:35:34 - producer_sms - DEBUG - No pending messages found
2026-06-21 17:35:35 - producer_sms - DEBUG - No pending messages found
2026-06-21 17:35:36 - producer_sms - DEBUG - No pending messages found
2026-06-21 17:35:37 - producer_sms - DEBUG - No pending messages found
2026-06-21 17:35:38 - producer_sms - DEBUG - No pending messages found
2026-06-21 17:35:39 - producer_sms - DEBUG - No pending messages found
2026-06-21 17:35:40 - producer_sms - DEBUG - No pending messages found
2026-06-21 17:35:41 - producer_sms - DEBUG - No pending messages found
2026-06-21 17:35:42 - producer_sms - DEBUG - No pending messages found
2026-06-21 17:35:43 - producer_sms - DEBUG - No pending messages found
2026-06-21 17:35:44 - producer_sms - DEBUG - No pending messages found
2026-06-21 17:35:45 - producer_sms - DEBUG - No pending messages found
2026-06-21 17:35:46 - producer_sms - DEBUG - No pending messages found
2026-06-21 17:35:47 - producer_sms - DEBUG - No pending messages found
2026-06-21 17:35:48 - producer_sms - DEBUG - No pending messages found
2026-06-21 17:35:49 - producer_sms - DEBUG - No pending messages found
2026-06-21 17:35:50 - producer_sms - DEBUG - No pending messages found
2026-06-21 17:35:51 - producer_sms - DEBUG - No pending messages found
2026-06-21 17:35:52 - producer_sms - DEBUG - No pending messages found
2026-06-21 17:35:53 - producer_sms - DEBUG - No pending messages found
2026-06-21 17:35:54 - producer_sms - DEBUG - No pending messages found
2026-06-21 17:35:55 - producer_sms - DEBUG - No pending messages found
2026-06-21 17:35:56 - producer_sms - DEBUG - No pending messages found
2026-06-21 17:35:57 - producer_sms - DEBUG - No pending messages found
2026-06-21 17:35:58 - producer_sms - DEBUG - No pending messages found
2026-06-21 17:35:59 - producer_sms - DEBUG - No pending messages found
2026-06-21 17:36:00 - producer_sms - DEBUG - No pending messages found
2026-06-21 17:36:01 - producer_sms - DEBUG - No pending messages found
2026-06-21 17:36:02 - producer_sms - DEBUG - No pending messages found
2026-06-21 17:36:03 - producer_sms - DEBUG - No pending messages found
2026-06-21 17:36:04 - producer_sms - DEBUG - No pending messages found
2026-06-21 17:36:05 - producer_sms - DEBUG - No pending messages found
2026-06-21 17:36:06 - producer_sms - DEBUG - No pending messages found
2026-06-21 17:36:07 - producer_sms - DEBUG - No pending messages found
2026-06-21 17:36:08 - producer_sms - DEBUG - No pending messages found
2026-06-21 17:36:09 - producer_sms - DEBUG - No pending messages found
2026-06-21 17:36:10 - producer_sms - DEBUG - No pending messages found
2026-06-21 17:36:11 - producer_sms - DEBUG - No pending messages found
2026-06-21 17:36:12 - producer_sms - DEBUG - No pending messages found
2026-06-21 17:36:13 - producer_sms - DEBUG - No pending messages found
2026-06-21 17:36:14 - producer_sms - DEBUG - No pending messages found
2026-06-21 17:36:15 - producer_sms - DEBUG - No pending messages found
2026-06-21 17:36:16 - producer_sms - DEBUG - No pending messages found
2026-06-21 17:36:17 - producer_sms - DEBUG - No pending messages found
2026-06-21 17:36:18 - producer_sms - DEBUG - No pending messages found
2026-06-21 17:36:19 - producer_sms - DEBUG - No pending messages found
2026-06-21 17:36:20 - producer_sms - DEBUG - No pending messages found
2026-06-21 17:36:21 - producer_sms - DEBUG - No pending messages found
2026-06-21 17:36:22 - producer_sms - DEBUG - No pending messages found
2026-06-21 17:36:23 - producer_sms - DEBUG - No pending messages found
2026-06-21 17:36:24 - producer_sms - DEBUG - No pending messages found
2026-06-21 17:36:25 - producer_sms - DEBUG - No pending messages found
2026-06-21 17:36:26 - producer_sms - DEBUG - No pending messages found
2026-06-21 17:36:27 - producer_sms - DEBUG - No pending messages found
2026-06-21 17:36:28 - producer_sms - DEBUG - No pending messages found
2026-06-21 17:36:29 - producer_sms - DEBUG - No pending messages found
2026-06-21 17:36:30 - producer_sms - DEBUG - No pending messages found
2026-06-21 17:36:31 - producer_sms - DEBUG - No pending messages found
2026-06-21 17:36:32 - producer_sms - DEBUG - No pending messages found
2026-06-21 17:36:33 - producer_sms - DEBUG - No pending messages found
2026-06-21 17:36:34 - producer_sms - DEBUG - No pending messages found
2026-06-21 17:36:35 - producer_sms - DEBUG - No pending messages found
2026-06-21 17:36:36 - producer_sms - DEBUG - No pending messages found
2026-06-21 17:36:37 - producer_sms - DEBUG - No pending messages found
2026-06-21 17:36:38 - producer_sms - DEBUG - No pending messages found
2026-06-21 17:36:39 - producer_sms - DEBUG - No pending messages found
2026-06-21 17:36:40 - producer_sms - DEBUG - No pending messages found
2026-06-21 17:36:41 - producer_sms - DEBUG - No pending messages found
2026-06-21 17:36:42 - producer_sms - DEBUG - No pending messages found
2026-06-21 17:36:43 - producer_sms - DEBUG - No pending messages found
2026-06-21 17:36:44 - producer_sms - DEBUG - No pending messages found
2026-06-21 17:36:46 - producer_sms - DEBUG - No pending messages found
2026-06-21 17:36:47 - producer_sms - DEBUG - No pending messages found
2026-06-21 17:36:48 - producer_sms - DEBUG - No pending messages found
2026-06-21 17:36:49 - producer_sms - DEBUG - No pending messages found
2026-06-21 17:36:50 - producer_sms - DEBUG - No pending messages found
2026-06-21 17:36:51 - producer_sms - DEBUG - No pending messages found
2026-06-21 17:36:52 - producer_sms - DEBUG - No pending messages found
2026-06-21 17:36:53 - producer_sms - DEBUG - No pending messages found
2026-06-21 17:36:54 - producer_sms - DEBUG - No pending messages found
2026-06-21 17:36:55 - producer_sms - DEBUG - No pending messages found
2026-06-21 17:36:56 - producer_sms - DEBUG - No pending messages found
2026-06-21 17:36:57 - producer_sms - DEBUG - No pending messages found
2026-06-21 17:36:58 - producer_sms - DEBUG - No pending messages found
2026-06-21 17:36:59 - producer_sms - DEBUG - No pending messages found
2026-06-21 17:37:00 - producer_sms - DEBUG - No pending messages found
2026-06-21 17:37:01 - producer_sms - DEBUG - No pending messages found
2026-06-21 17:37:02 - producer_sms - DEBUG - No pending messages found
2026-06-21 17:37:03 - producer_sms - DEBUG - No pending messages found
2026-06-21 17:37:04 - producer_sms - DEBUG - No pending messages found
2026-06-21 17:37:05 - producer_sms - DEBUG - No pending messages found
2026-06-21 17:37:06 - producer_sms - DEBUG - No pending messages found
2026-06-21 17:37:07 - producer_sms - DEBUG - No pending messages found
2026-06-21 17:37:08 - producer_sms - DEBUG - No pending messages found
2026-06-21 17:37:09 - producer_sms - DEBUG - No pending messages found
2026-06-21 17:37:10 - producer_sms - DEBUG - No pending messages found
2026-06-21 17:37:11 - producer_sms - DEBUG - No pending messages found
2026-06-21 17:37:12 - producer_sms - DEBUG - No pending messages found
2026-06-21 17:37:13 - producer_sms - DEBUG - No pending messages found
2026-06-21 17:37:14 - producer_sms - DEBUG - No pending messages found
2026-06-21 17:37:15 - producer_sms - DEBUG - No pending messages found
2026-06-21 17:37:16 - producer_sms - DEBUG - No pending messages found
2026-06-21 17:37:17 - producer_sms - DEBUG - No pending messages found
2026-06-21 17:37:18 - producer_sms - DEBUG - No pending messages found
2026-06-21 17:37:19 - producer_sms - DEBUG - No pending messages found
2026-06-21 17:37:20 - producer_sms - DEBUG - No pending messages found
2026-06-21 17:37:21 - producer_sms - DEBUG - No pending messages found
2026-06-21 17:37:22 - producer_sms - DEBUG - No pending messages found
2026-06-21 17:37:23 - producer_sms - DEBUG - No pending messages found
2026-06-21 17:37:24 - producer_sms - DEBUG - No pending messages found
2026-06-21 17:37:25 - producer_sms - DEBUG - No pending messages found
2026-06-21 17:37:26 - producer_sms - DEBUG - No pending messages found
2026-06-21 17:37:27 - producer_sms - DEBUG - No pending messages found
2026-06-21 17:37:28 - producer_sms - DEBUG - No pending messages found
2026-06-21 17:37:29 - producer_sms - DEBUG - No pending messages found
2026-06-21 17:37:30 - producer_sms - DEBUG - No pending messages found
2026-06-21 17:37:31 - producer_sms - DEBUG - No pending messages found
2026-06-21 17:37:32 - producer_sms - DEBUG - No pending messages found
2026-06-21 17:37:33 - producer_sms - DEBUG - No pending messages found
2026-06-21 17:37:34 - producer_sms - DEBUG - No pending messages found
2026-06-21 17:37:35 - producer_sms - DEBUG - No pending messages found
2026-06-21 17:37:36 - producer_sms - DEBUG - No pending messages found
2026-06-21 17:37:37 - producer_sms - DEBUG - No pending messages found
2026-06-21 17:37:38 - producer_sms - DEBUG - No pending messages found
2026-06-21 17:37:39 - producer_sms - DEBUG - No pending messages found
2026-06-21 17:37:40 - producer_sms - DEBUG - No pending messages found
2026-06-21 17:37:41 - producer_sms - DEBUG - No pending messages found
2026-06-21 17:37:42 - producer_sms - DEBUG - No pending messages found
2026-06-21 17:37:43 - producer_sms - DEBUG - No pending messages found
2026-06-21 17:37:44 - producer_sms - DEBUG - No pending messages found
2026-06-21 17:37:45 - producer_sms - DEBUG - No pending messages found
2026-06-21 17:37:46 - producer_sms - DEBUG - No pending messages found
2026-06-21 17:37:47 - producer_sms - DEBUG - No pending messages found
2026-06-21 17:37:48 - producer_sms - DEBUG - No pending messages found
2026-06-21 17:37:49 - producer_sms - DEBUG - No pending messages found
2026-06-21 17:37:50 - producer_sms - DEBUG - No pending messages found
2026-06-21 17:37:51 - producer_sms - DEBUG - No pending messages found
2026-06-21 17:37:52 - producer_sms - DEBUG - No pending messages found
2026-06-21 17:37:53 - producer_sms - DEBUG - No pending messages found
2026-06-21 17:37:54 - producer_sms - DEBUG - No pending messages found
2026-06-21 17:37:55 - producer_sms - DEBUG - No pending messages found
2026-06-21 17:37:56 - producer_sms - DEBUG - No pending messages found
2026-06-21 17:37:57 - producer_sms - DEBUG - No pending messages found
2026-06-21 17:37:58 - producer_sms - DEBUG - No pending messages found
2026-06-21 17:37:59 - producer_sms - DEBUG - No pending messages found
2026-06-21 17:38:00 - producer_sms - DEBUG - No pending messages found
2026-06-21 17:38:01 - producer_sms - DEBUG - No pending messages found
2026-06-21 17:38:02 - producer_sms - DEBUG - No pending messages found
2026-06-21 17:38:03 - producer_sms - DEBUG - No pending messages found
2026-06-21 17:38:04 - producer_sms - DEBUG - No pending messages found
2026-06-21 17:38:05 - producer_sms - DEBUG - No pending messages found
2026-06-21 17:38:06 - producer_sms - DEBUG - No pending messages found
2026-06-21 17:38:07 - producer_sms - DEBUG - No pending messages found
2026-06-21 17:38:08 - producer_sms - DEBUG - No pending messages found
2026-06-21 17:38:09 - producer_sms - DEBUG - No pending messages found
2026-06-21 17:38:10 - producer_sms - DEBUG - No pending messages found
2026-06-21 17:38:11 - producer_sms - DEBUG - No pending messages found
2026-06-21 17:38:12 - producer_sms - DEBUG - No pending messages found
2026-06-21 17:38:13 - producer_sms - DEBUG - No pending messages found
2026-06-21 17:38:14 - producer_sms - DEBUG - No pending messages found
2026-06-21 17:38:15 - producer_sms - DEBUG - No pending messages found
2026-06-21 17:38:16 - producer_sms - DEBUG - No pending messages found
2026-06-21 17:38:17 - producer_sms - DEBUG - No pending messages found
2026-06-21 17:38:18 - producer_sms - DEBUG - No pending messages found
2026-06-21 17:38:19 - producer_sms - DEBUG - No pending messages found
2026-06-21 17:38:20 - producer_sms - DEBUG - No pending messages found
2026-06-21 17:38:21 - producer_sms - DEBUG - No pending messages found
2026-06-21 17:38:22 - producer_sms - DEBUG - No pending messages found
2026-06-21 17:38:23 - producer_sms - DEBUG - No pending messages found
2026-06-21 17:38:24 - producer_sms - DEBUG - No pending messages found
2026-06-21 17:38:25 - producer_sms - DEBUG - No pending messages found
2026-06-21 17:38:26 - producer_sms - DEBUG - No pending messages found
2026-06-21 17:38:27 - producer_sms - DEBUG - No pending messages found
2026-06-21 17:38:28 - producer_sms - DEBUG - No pending messages found
2026-06-21 17:38:29 - producer_sms - DEBUG - No pending messages found
2026-06-21 17:38:30 - producer_sms - DEBUG - No pending messages found
2026-06-21 17:38:31 - producer_sms - DEBUG - No pending messages found
2026-06-21 17:38:32 - producer_sms - DEBUG - No pending messages found
2026-06-21 17:38:33 - producer_sms - DEBUG - No pending messages found
2026-06-21 17:38:34 - producer_sms - DEBUG - No pending messages found
2026-06-21 17:38:35 - producer_sms - DEBUG - No pending messages found
2026-06-21 17:38:36 - producer_sms - DEBUG - No pending messages found
2026-06-21 17:38:37 - producer_sms - DEBUG - No pending messages found
2026-06-21 17:38:38 - producer_sms - DEBUG - No pending messages found
2026-06-21 17:38:40 - producer_sms - DEBUG - No pending messages found
2026-06-21 17:38:41 - producer_sms - DEBUG - No pending messages found
2026-06-21 17:38:42 - producer_sms - DEBUG - No pending messages found
2026-06-21 17:38:43 - producer_sms - DEBUG - No pending messages found
2026-06-21 17:38:44 - producer_sms - DEBUG - No pending messages found
2026-06-21 17:38:45 - producer_sms - DEBUG - No pending messages found
2026-06-21 17:38:46 - producer_sms - DEBUG - No pending messages found
2026-06-21 17:38:47 - producer_sms - DEBUG - No pending messages found
2026-06-21 17:38:48 - producer_sms - DEBUG - No pending messages found
2026-06-21 17:38:49 - producer_sms - DEBUG - No pending messages found
2026-06-21 17:38:50 - producer_sms - DEBUG - No pending messages found
2026-06-21 17:38:51 - producer_sms - DEBUG - No pending messages found
2026-06-21 17:38:52 - producer_sms - DEBUG - No pending messages found
2026-06-21 17:38:53 - producer_sms - DEBUG - No pending messages found
2026-06-21 17:38:54 - producer_sms - DEBUG - No pending messages found
2026-06-21 17:38:55 - producer_sms - DEBUG - No pending messages found
2026-06-21 17:38:56 - producer_sms - DEBUG - No pending messages found
2026-06-21 17:38:57 - producer_sms - DEBUG - No pending messages found
2026-06-21 17:38:58 - producer_sms - DEBUG - No pending messages found
2026-06-21 17:38:59 - producer_sms - DEBUG - No pending messages found
2026-06-21 17:39:00 - producer_sms - DEBUG - No pending messages found
2026-06-21 17:39:01 - producer_sms - DEBUG - No pending messages found
2026-06-21 17:39:02 - producer_sms - DEBUG - No pending messages found
2026-06-21 17:39:03 - producer_sms - DEBUG - No pending messages found
2026-06-21 17:39:04 - producer_sms - DEBUG - No pending messages found
2026-06-21 17:39:05 - producer_sms - DEBUG - No pending messages found
2026-06-21 17:39:06 - producer_sms - DEBUG - No pending messages found
2026-06-21 17:39:07 - producer_sms - DEBUG - No pending messages found
2026-06-21 17:39:08 - producer_sms - DEBUG - No pending messages found
2026-06-21 17:39:09 - producer_sms - DEBUG - No pending messages found
2026-06-21 17:39:10 - producer_sms - DEBUG - No pending messages found
2026-06-21 17:39:11 - producer_sms - DEBUG - No pending messages found
2026-06-21 17:39:12 - producer_sms - DEBUG - No pending messages found
2026-06-21 17:39:13 - producer_sms - DEBUG - No pending messages found
2026-06-21 17:39:14 - producer_sms - DEBUG - No pending messages found
2026-06-21 17:39:15 - producer_sms - DEBUG - No pending messages found
2026-06-21 17:39:16 - producer_sms - DEBUG - No pending messages found
2026-06-21 17:39:17 - producer_sms - DEBUG - No pending messages found
2026-06-21 17:39:18 - producer_sms - DEBUG - No pending messages found
2026-06-21 17:39:19 - producer_sms - DEBUG - No pending messages found
2026-06-21 17:39:20 - producer_sms - DEBUG - No pending messages found
2026-06-21 17:39:21 - producer_sms - DEBUG - No pending messages found
2026-06-21 17:39:22 - producer_sms - DEBUG - No pending messages found
2026-06-21 17:39:23 - producer_sms - DEBUG - No pending messages found
2026-06-21 17:39:24 - producer_sms - DEBUG - No pending messages found
2026-06-21 17:39:25 - producer_sms - DEBUG - No pending messages found
2026-06-21 17:39:26 - producer_sms - DEBUG - No pending messages found
2026-06-21 17:39:27 - producer_sms - DEBUG - No pending messages found
2026-06-21 17:39:28 - producer_sms - DEBUG - No pending messages found
2026-06-21 17:39:29 - producer_sms - DEBUG - No pending messages found
2026-06-21 17:39:31 - producer_sms - DEBUG - No pending messages found
2026-06-21 17:39:32 - producer_sms - DEBUG - No pending messages found
2026-06-21 17:39:33 - producer_sms - DEBUG - No pending messages found
2026-06-21 17:39:34 - producer_sms - DEBUG - No pending messages found
2026-06-21 17:39:35 - producer_sms - DEBUG - No pending messages found
2026-06-21 17:39:36 - producer_sms - DEBUG - No pending messages found
2026-06-21 17:39:37 - producer_sms - DEBUG - No pending messages found
2026-06-21 17:39:38 - producer_sms - DEBUG - No pending messages found
2026-06-21 17:39:39 - producer_sms - DEBUG - No pending messages found
2026-06-21 17:39:40 - producer_sms - DEBUG - No pending messages found
2026-06-21 17:39:41 - producer_sms - DEBUG - No pending messages found
2026-06-21 17:39:42 - producer_sms - DEBUG - No pending messages found
2026-06-21 17:39:43 - producer_sms - DEBUG - No pending messages found
2026-06-21 17:39:44 - producer_sms - DEBUG - No pending messages found
2026-06-21 17:39:45 - producer_sms - DEBUG - No pending messages found
2026-06-21 17:39:46 - producer_sms - DEBUG - No pending messages found
2026-06-21 17:39:47 - producer_sms - DEBUG - No pending messages found
2026-06-21 17:39:48 - producer_sms - DEBUG - No pending messages found
2026-06-21 17:39:49 - producer_sms - DEBUG - No pending messages found
2026-06-21 17:39:50 - producer_sms - DEBUG - No pending messages found
2026-06-21 17:39:51 - producer_sms - DEBUG - No pending messages found
2026-06-21 17:39:52 - producer_sms - DEBUG - No pending messages found
2026-06-21 17:39:53 - producer_sms - DEBUG - No pending messages found
2026-06-21 17:39:54 - producer_sms - DEBUG - No pending messages found
2026-06-21 17:39:55 - producer_sms - DEBUG - No pending messages found
2026-06-21 17:39:56 - producer_sms - DEBUG - No pending messages found
2026-06-21 17:39:57 - producer_sms - DEBUG - No pending messages found
2026-06-21 17:39:58 - producer_sms - DEBUG - No pending messages found
2026-06-21 17:39:59 - producer_sms - DEBUG - No pending messages found
2026-06-21 17:40:00 - producer_sms - DEBUG - No pending messages found
2026-06-21 17:40:01 - producer_sms - DEBUG - No pending messages found
2026-06-21 17:40:02 - producer_sms - DEBUG - No pending messages found
2026-06-21 17:40:03 - producer_sms - DEBUG - No pending messages found
2026-06-21 17:40:04 - producer_sms - DEBUG - No pending messages found
2026-06-21 17:40:05 - producer_sms - DEBUG - No pending messages found
2026-06-21 17:40:06 - producer_sms - DEBUG - No pending messages found
2026-06-21 17:40:07 - producer_sms - DEBUG - No pending messages found
2026-06-21 17:40:08 - producer_sms - DEBUG - No pending messages found
2026-06-21 17:40:09 - producer_sms - DEBUG - No pending messages found
2026-06-21 17:40:10 - producer_sms - DEBUG - No pending messages found
2026-06-21 17:40:11 - producer_sms - DEBUG - No pending messages found
2026-06-21 17:40:12 - producer_sms - DEBUG - No pending messages found
2026-06-21 17:40:13 - producer_sms - DEBUG - No pending messages found
2026-06-21 17:40:14 - producer_sms - DEBUG - No pending messages found
2026-06-21 17:40:15 - producer_sms - DEBUG - No pending messages found
2026-06-21 17:40:16 - producer_sms - DEBUG - No pending messages found
2026-06-21 17:40:17 - producer_sms - DEBUG - No pending messages found
2026-06-21 17:40:18 - producer_sms - DEBUG - No pending messages found
2026-06-21 17:40:19 - producer_sms - DEBUG - No pending messages found
2026-06-21 17:40:20 - producer_sms - DEBUG - No pending messages found
2026-06-21 17:40:21 - producer_sms - DEBUG - No pending messages found
2026-06-21 17:40:22 - producer_sms - DEBUG - No pending messages found
2026-06-21 17:40:23 - producer_sms - DEBUG - No pending messages found
2026-06-21 17:40:24 - producer_sms - DEBUG - No pending messages found
2026-06-21 17:40:25 - producer_sms - DEBUG - No pending messages found
2026-06-21 17:40:26 - producer_sms - DEBUG - No pending messages found
2026-06-21 17:40:27 - producer_sms - DEBUG - No pending messages found
2026-06-21 17:40:28 - producer_sms - DEBUG - No pending messages found
2026-06-21 17:40:29 - producer_sms - DEBUG - No pending messages found
2026-06-21 17:40:30 - producer_sms - DEBUG - No pending messages found
2026-06-21 17:40:31 - producer_sms - DEBUG - No pending messages found
2026-06-21 17:40:32 - producer_sms - DEBUG - No pending messages found
2026-06-21 17:40:33 - producer_sms - DEBUG - No pending messages found
2026-06-21 17:40:34 - producer_sms - DEBUG - No pending messages found
2026-06-21 17:40:35 - producer_sms - DEBUG - No pending messages found
2026-06-21 17:40:36 - producer_sms - DEBUG - No pending messages found
2026-06-21 17:40:37 - producer_sms - DEBUG - No pending messages found
2026-06-21 17:40:38 - producer_sms - DEBUG - No pending messages found
2026-06-21 17:40:39 - producer_sms - DEBUG - No pending messages found
2026-06-21 17:40:40 - producer_sms - DEBUG - No pending messages found
2026-06-21 17:40:41 - producer_sms - DEBUG - No pending messages found
2026-06-21 17:40:42 - producer_sms - DEBUG - No pending messages found
2026-06-21 17:40:43 - producer_sms - DEBUG - No pending messages found
2026-06-21 17:40:44 - producer_sms - DEBUG - No pending messages found
2026-06-21 17:40:45 - producer_sms - DEBUG - No pending messages found
2026-06-21 17:40:46 - producer_sms - DEBUG - No pending messages found
2026-06-21 17:40:47 - producer_sms - DEBUG - No pending messages found
2026-06-21 17:40:48 - producer_sms - DEBUG - No pending messages found
2026-06-21 17:40:49 - producer_sms - DEBUG - No pending messages found
2026-06-21 17:40:50 - producer_sms - DEBUG - No pending messages found
2026-06-21 17:40:51 - producer_sms - DEBUG - No pending messages found
2026-06-21 17:40:52 - producer_sms - DEBUG - No pending messages found
2026-06-21 17:40:53 - producer_sms - DEBUG - No pending messages found
2026-06-21 17:40:54 - producer_sms - DEBUG - No pending messages found
2026-06-21 17:40:55 - producer_sms - DEBUG - No pending messages found
2026-06-21 17:40:56 - producer_sms - DEBUG - No pending messages found
2026-06-21 17:40:57 - producer_sms - DEBUG - No pending messages found
2026-06-21 17:40:58 - producer_sms - DEBUG - No pending messages found
2026-06-21 17:40:59 - producer_sms - DEBUG - No pending messages found
2026-06-21 17:41:00 - producer_sms - DEBUG - No pending messages found
2026-06-21 17:41:01 - producer_sms - DEBUG - No pending messages found
2026-06-21 17:41:02 - producer_sms - DEBUG - No pending messages found
2026-06-21 17:41:03 - producer_sms - DEBUG - No pending messages found
2026-06-21 17:41:04 - producer_sms - DEBUG - No pending messages found
2026-06-21 17:41:05 - producer_sms - DEBUG - No pending messages found
2026-06-21 17:41:06 - producer_sms - DEBUG - No pending messages found
2026-06-21 17:41:07 - producer_sms - DEBUG - No pending messages found
2026-06-21 17:41:08 - producer_sms - DEBUG - No pending messages found
2026-06-21 17:41:09 - producer_sms - DEBUG - No pending messages found
2026-06-21 17:41:10 - producer_sms - DEBUG - No pending messages found
2026-06-21 17:41:11 - producer_sms - DEBUG - No pending messages found
2026-06-21 17:41:12 - producer_sms - DEBUG - No pending messages found
2026-06-21 17:41:13 - producer_sms - DEBUG - No pending messages found
2026-06-21 17:41:14 - producer_sms - DEBUG - No pending messages found
2026-06-21 17:41:15 - producer_sms - DEBUG - No pending messages found
2026-06-21 17:41:16 - producer_sms - DEBUG - No pending messages found
2026-06-21 17:41:17 - producer_sms - DEBUG - No pending messages found
2026-06-21 17:41:18 - producer_sms - DEBUG - No pending messages found
2026-06-21 17:41:19 - producer_sms - DEBUG - No pending messages found
2026-06-21 17:41:20 - producer_sms - DEBUG - No pending messages found
2026-06-21 17:41:21 - producer_sms - DEBUG - No pending messages found
2026-06-21 17:41:22 - producer_sms - DEBUG - No pending messages found
2026-06-21 17:41:23 - producer_sms - DEBUG - No pending messages found
2026-06-21 17:41:24 - producer_sms - DEBUG - No pending messages found
2026-06-21 17:41:25 - producer_sms - DEBUG - No pending messages found
2026-06-21 17:41:26 - producer_sms - DEBUG - No pending messages found
2026-06-21 17:41:27 - producer_sms - DEBUG - No pending messages found
2026-06-21 17:41:28 - producer_sms - DEBUG - No pending messages found
2026-06-21 17:41:30 - producer_sms - DEBUG - No pending messages found
2026-06-21 17:41:31 - producer_sms - DEBUG - No pending messages found
2026-06-21 17:41:32 - producer_sms - DEBUG - No pending messages found
2026-06-21 17:41:33 - producer_sms - DEBUG - No pending messages found
2026-06-21 17:41:34 - producer_sms - DEBUG - No pending messages found
2026-06-21 17:41:35 - producer_sms - DEBUG - No pending messages found
2026-06-21 17:41:36 - producer_sms - DEBUG - No pending messages found
2026-06-21 17:41:37 - producer_sms - DEBUG - No pending messages found
2026-06-21 17:41:38 - producer_sms - DEBUG - No pending messages found
2026-06-21 17:41:39 - producer_sms - DEBUG - No pending messages found
2026-06-21 17:41:40 - producer_sms - DEBUG - No pending messages found
2026-06-21 17:41:41 - producer_sms - DEBUG - No pending messages found
2026-06-21 17:41:42 - producer_sms - DEBUG - No pending messages found
2026-06-21 17:41:43 - producer_sms - DEBUG - No pending messages found
2026-06-21 17:41:44 - producer_sms - DEBUG - No pending messages found
2026-06-21 17:41:45 - producer_sms - DEBUG - No pending messages found
2026-06-21 17:41:46 - producer_sms - DEBUG - No pending messages found
2026-06-21 17:41:47 - producer_sms - DEBUG - No pending messages found
2026-06-21 17:41:48 - producer_sms - DEBUG - No pending messages found
2026-06-21 17:41:49 - producer_sms - DEBUG - No pending messages found
2026-06-21 17:41:50 - producer_sms - DEBUG - No pending messages found
2026-06-21 17:41:51 - producer_sms - DEBUG - No pending messages found
2026-06-21 17:41:52 - producer_sms - DEBUG - No pending messages found
2026-06-21 17:41:53 - producer_sms - DEBUG - No pending messages found
2026-06-21 17:41:54 - producer_sms - DEBUG - No pending messages found
2026-06-21 17:41:55 - producer_sms - DEBUG - No pending messages found
2026-06-21 17:41:56 - producer_sms - DEBUG - No pending messages found
2026-06-21 17:41:57 - producer_sms - DEBUG - No pending messages found
2026-06-21 17:41:58 - producer_sms - DEBUG - No pending messages found
2026-06-21 17:41:59 - producer_sms - DEBUG - No pending messages found
2026-06-21 17:42:00 - producer_sms - DEBUG - No pending messages found
2026-06-21 17:42:01 - producer_sms - DEBUG - No pending messages found
2026-06-21 17:42:02 - producer_sms - DEBUG - No pending messages found
2026-06-21 17:42:03 - producer_sms - DEBUG - No pending messages found
2026-06-21 17:42:04 - producer_sms - DEBUG - No pending messages found
2026-06-21 17:42:05 - producer_sms - DEBUG - No pending messages found
2026-06-21 17:42:06 - producer_sms - DEBUG - No pending messages found
2026-06-21 17:42:07 - producer_sms - DEBUG - No pending messages found
2026-06-21 17:42:08 - producer_sms - DEBUG - No pending messages found
2026-06-21 17:42:09 - producer_sms - DEBUG - No pending messages found
2026-06-21 17:42:10 - producer_sms - DEBUG - No pending messages found
2026-06-21 17:42:11 - producer_sms - DEBUG - No pending messages found
2026-06-21 17:42:12 - producer_sms - DEBUG - No pending messages found
2026-06-21 17:42:13 - producer_sms - DEBUG - No pending messages found
2026-06-21 17:42:14 - producer_sms - DEBUG - No pending messages found
2026-06-21 17:42:15 - producer_sms - DEBUG - No pending messages found
2026-06-21 17:42:16 - producer_sms - DEBUG - No pending messages found
2026-06-21 17:42:17 - producer_sms - DEBUG - No pending messages found
2026-06-21 17:42:18 - producer_sms - DEBUG - No pending messages found
2026-06-21 17:42:19 - producer_sms - DEBUG - No pending messages found
2026-06-21 17:42:20 - producer_sms - DEBUG - No pending messages found
2026-06-21 17:42:21 - producer_sms - DEBUG - No pending messages found
2026-06-21 17:42:22 - producer_sms - DEBUG - No pending messages found
2026-06-21 17:42:23 - producer_sms - DEBUG - No pending messages found
2026-06-21 17:42:24 - producer_sms - DEBUG - No pending messages found
2026-06-21 17:42:25 - producer_sms - DEBUG - No pending messages found
2026-06-21 17:42:26 - producer_sms - DEBUG - No pending messages found
2026-06-21 17:42:27 - producer_sms - DEBUG - No pending messages found
2026-06-21 17:42:28 - producer_sms - DEBUG - No pending messages found
2026-06-21 17:42:29 - producer_sms - DEBUG - No pending messages found
2026-06-21 17:42:30 - producer_sms - DEBUG - No pending messages found
2026-06-21 17:42:31 - producer_sms - DEBUG - No pending messages found
2026-06-21 17:42:32 - producer_sms - DEBUG - No pending messages found
2026-06-21 17:42:33 - producer_sms - DEBUG - No pending messages found
2026-06-21 17:42:34 - producer_sms - DEBUG - No pending messages found
2026-06-21 17:42:35 - producer_sms - DEBUG - No pending messages found
2026-06-21 17:42:36 - producer_sms - DEBUG - No pending messages found
2026-06-21 17:42:37 - producer_sms - DEBUG - No pending messages found
2026-06-21 17:42:38 - producer_sms - DEBUG - No pending messages found
2026-06-21 17:42:39 - producer_sms - DEBUG - No pending messages found
2026-06-21 17:42:40 - producer_sms - DEBUG - No pending messages found
2026-06-21 17:42:41 - producer_sms - DEBUG - No pending messages found
2026-06-21 17:42:42 - producer_sms - DEBUG - No pending messages found
2026-06-21 17:42:43 - producer_sms - DEBUG - No pending messages found
2026-06-21 17:42:44 - producer_sms - DEBUG - No pending messages found
2026-06-21 17:42:45 - producer_sms - DEBUG - No pending messages found
2026-06-21 17:42:46 - producer_sms - DEBUG - No pending messages found
2026-06-21 17:42:47 - producer_sms - DEBUG - No pending messages found
2026-06-21 17:42:48 - producer_sms - DEBUG - No pending messages found
2026-06-21 17:42:49 - producer_sms - DEBUG - No pending messages found
2026-06-21 17:42:50 - producer_sms - DEBUG - No pending messages found
2026-06-21 17:42:51 - producer_sms - DEBUG - No pending messages found
2026-06-21 17:42:52 - producer_sms - DEBUG - No pending messages found
2026-06-21 17:42:53 - producer_sms - DEBUG - No pending messages found
2026-06-21 17:42:54 - producer_sms - DEBUG - No pending messages found
2026-06-21 17:42:55 - producer_sms - DEBUG - No pending messages found
2026-06-21 17:42:56 - producer_sms - DEBUG - No pending messages found
2026-06-21 17:42:57 - producer_sms - DEBUG - No pending messages found
2026-06-21 17:42:59 - producer_sms - DEBUG - No pending messages found
2026-06-21 17:43:00 - producer_sms - DEBUG - No pending messages found
2026-06-21 17:43:01 - producer_sms - DEBUG - No pending messages found
2026-06-21 17:43:02 - producer_sms - DEBUG - No pending messages found
2026-06-21 17:43:03 - producer_sms - DEBUG - No pending messages found
2026-06-21 17:43:04 - producer_sms - DEBUG - No pending messages found
2026-06-21 17:43:05 - producer_sms - DEBUG - No pending messages found
2026-06-21 17:43:06 - producer_sms - DEBUG - No pending messages found
2026-06-21 17:43:07 - producer_sms - DEBUG - No pending messages found
2026-06-21 17:43:08 - producer_sms - DEBUG - No pending messages found
2026-06-21 17:43:09 - producer_sms - DEBUG - No pending messages found
2026-06-21 17:43:10 - producer_sms - DEBUG - No pending messages found
2026-06-21 17:43:11 - producer_sms - DEBUG - No pending messages found
2026-06-21 17:43:12 - producer_sms - DEBUG - No pending messages found
2026-06-21 17:43:13 - producer_sms - DEBUG - No pending messages found
2026-06-21 17:43:14 - producer_sms - DEBUG - No pending messages found
2026-06-21 17:43:15 - producer_sms - DEBUG - No pending messages found
2026-06-21 17:43:16 - producer_sms - DEBUG - No pending messages found
2026-06-21 17:43:17 - producer_sms - DEBUG - No pending messages found
2026-06-21 17:43:18 - producer_sms - DEBUG - No pending messages found
2026-06-21 17:43:19 - producer_sms - DEBUG - No pending messages found
2026-06-21 17:43:20 - producer_sms - DEBUG - No pending messages found
2026-06-21 17:43:21 - producer_sms - DEBUG - No pending messages found
2026-06-21 17:43:22 - producer_sms - DEBUG - No pending messages found
2026-06-21 17:43:23 - producer_sms - DEBUG - No pending messages found
2026-06-21 17:43:24 - producer_sms - DEBUG - No pending messages found
2026-06-21 17:43:25 - producer_sms - DEBUG - No pending messages found
2026-06-21 17:43:26 - producer_sms - DEBUG - No pending messages found
2026-06-21 17:43:27 - producer_sms - DEBUG - No pending messages found
2026-06-21 17:43:28 - producer_sms - INFO - 📊 Poll #1 - Found 1 pending messages
2026-06-21 17:43:28 - producer_sms - INFO - ✅ Committed 1 messages | Total produced: 2
2026-06-21 17:43:28 - producer_sms - INFO - ⏳ Batch complete. Waiting 2 seconds before next pull...
2026-06-21 17:43:30 - producer_sms - DEBUG - No pending messages found
2026-06-21 17:43:31 - producer_sms - DEBUG - No pending messages found
2026-06-21 17:43:32 - producer_sms - DEBUG - No pending messages found
2026-06-21 17:43:33 - producer_sms - DEBUG - No pending messages found
2026-06-21 17:43:34 - producer_sms - DEBUG - No pending messages found
2026-06-21 17:43:35 - producer_sms - DEBUG - No pending messages found
2026-06-21 17:43:36 - producer_sms - DEBUG - No pending messages found
2026-06-21 17:43:37 - producer_sms - DEBUG - No pending messages found
2026-06-21 17:43:38 - producer_sms - DEBUG - No pending messages found
2026-06-21 17:43:39 - producer_sms - DEBUG - No pending messages found
2026-06-21 17:43:40 - producer_sms - DEBUG - No pending messages found
2026-06-21 17:43:41 - producer_sms - DEBUG - No pending messages found
2026-06-21 17:43:42 - producer_sms - DEBUG - No pending messages found
2026-06-21 17:43:43 - producer_sms - DEBUG - No pending messages found
2026-06-21 17:43:44 - producer_sms - DEBUG - No pending messages found
2026-06-21 17:43:45 - producer_sms - DEBUG - No pending messages found
2026-06-21 17:43:46 - producer_sms - DEBUG - No pending messages found
2026-06-21 17:43:47 - producer_sms - DEBUG - No pending messages found
2026-06-21 17:43:48 - producer_sms - DEBUG - No pending messages found
2026-06-21 17:43:49 - producer_sms - DEBUG - No pending messages found
2026-06-21 17:43:50 - producer_sms - DEBUG - No pending messages found
2026-06-21 17:43:51 - producer_sms - DEBUG - No pending messages found
2026-06-21 17:43:52 - producer_sms - DEBUG - No pending messages found
2026-06-21 17:43:53 - producer_sms - DEBUG - No pending messages found
2026-06-21 17:43:54 - producer_sms - DEBUG - No pending messages found
2026-06-21 17:43:55 - producer_sms - DEBUG - No pending messages found
2026-06-21 17:43:56 - producer_sms - DEBUG - No pending messages found
2026-06-21 17:43:57 - producer_sms - DEBUG - No pending messages found
2026-06-21 17:43:58 - producer_sms - DEBUG - No pending messages found
2026-06-21 17:43:59 - producer_sms - DEBUG - No pending messages found
2026-06-21 17:44:00 - producer_sms - DEBUG - No pending messages found
2026-06-21 17:44:01 - producer_sms - DEBUG - No pending messages found
2026-06-21 17:44:02 - producer_sms - DEBUG - No pending messages found
2026-06-21 17:44:03 - producer_sms - DEBUG - No pending messages found
2026-06-21 17:44:04 - producer_sms - DEBUG - No pending messages found
2026-06-21 17:44:05 - producer_sms - DEBUG - No pending messages found
2026-06-21 17:44:06 - producer_sms - DEBUG - No pending messages found
2026-06-21 17:44:07 - producer_sms - DEBUG - No pending messages found
2026-06-21 17:44:08 - producer_sms - DEBUG - No pending messages found
2026-06-21 17:44:09 - producer_sms - DEBUG - No pending messages found
2026-06-21 17:44:10 - producer_sms - DEBUG - No pending messages found
2026-06-21 17:44:11 - producer_sms - DEBUG - No pending messages found
2026-06-21 17:44:12 - producer_sms - DEBUG - No pending messages found
2026-06-21 17:44:13 - producer_sms - DEBUG - No pending messages found
2026-06-21 17:44:14 - producer_sms - DEBUG - No pending messages found
2026-06-21 17:44:15 - producer_sms - DEBUG - No pending messages found
2026-06-21 17:44:16 - producer_sms - DEBUG - No pending messages found
2026-06-21 17:44:17 - producer_sms - DEBUG - No pending messages found
2026-06-21 17:44:18 - producer_sms - DEBUG - No pending messages found
2026-06-21 17:44:19 - producer_sms - DEBUG - No pending messages found
2026-06-21 17:44:20 - producer_sms - DEBUG - No pending messages found
2026-06-21 18:24:53 - producer_sms - INFO - 🔍 Testing Oracle Database Connection...
2026-06-21 18:24:53 - producer_sms - INFO - ✅ Oracle Connection Successful! Server Time: 2026-06-21 18:24:54
2026-06-21 18:24:53 - producer_sms - INFO - Creating Oracle Connection Pool...
2026-06-21 18:24:53 - producer_sms - INFO - 🚀 SMS Producer Started - Polling Oracle Database...
2026-06-21 18:24:53 - producer_sms - DEBUG - No pending messages found
2026-06-21 18:24:55 - producer_sms - DEBUG - No pending messages found
2026-06-21 18:24:56 - producer_sms - DEBUG - No pending messages found
2026-06-21 18:24:57 - producer_sms - DEBUG - No pending messages found
2026-06-21 18:24:58 - producer_sms - DEBUG - No pending messages found
2026-06-21 18:24:59 - producer_sms - DEBUG - No pending messages found
2026-06-21 18:25:00 - producer_sms - DEBUG - No pending messages found
2026-06-21 18:25:01 - producer_sms - DEBUG - No pending messages found
2026-06-21 18:25:02 - producer_sms - DEBUG - No pending messages found
2026-06-21 18:25:03 - producer_sms - DEBUG - No pending messages found
2026-06-21 18:25:04 - producer_sms - DEBUG - No pending messages found
2026-06-21 18:25:05 - producer_sms - DEBUG - No pending messages found
2026-06-21 18:25:06 - producer_sms - DEBUG - No pending messages found
2026-06-21 18:25:07 - producer_sms - DEBUG - No pending messages found
2026-06-21 18:25:08 - producer_sms - DEBUG - No pending messages found
2026-06-21 18:25:09 - producer_sms - DEBUG - No pending messages found
2026-06-21 18:25:10 - producer_sms - DEBUG - No pending messages found
2026-06-21 18:25:11 - producer_sms - DEBUG - No pending messages found
2026-06-21 18:25:12 - producer_sms - DEBUG - No pending messages found
2026-06-21 18:25:13 - producer_sms - DEBUG - No pending messages found
2026-06-21 18:25:14 - producer_sms - DEBUG - No pending messages found
2026-06-21 18:25:15 - producer_sms - DEBUG - No pending messages found
2026-06-21 18:25:16 - producer_sms - DEBUG - No pending messages found
2026-06-21 18:25:17 - producer_sms - DEBUG - No pending messages found
2026-06-21 18:25:18 - producer_sms - DEBUG - No pending messages found
2026-06-21 18:25:19 - producer_sms - DEBUG - No pending messages found
2026-06-21 18:25:20 - producer_sms - DEBUG - No pending messages found
2026-06-21 18:25:21 - producer_sms - DEBUG - No pending messages found
2026-06-21 18:25:22 - producer_sms - DEBUG - No pending messages found
2026-06-21 18:25:23 - producer_sms - DEBUG - No pending messages found
2026-06-21 18:25:24 - producer_sms - DEBUG - No pending messages found
2026-06-21 18:25:25 - producer_sms - DEBUG - No pending messages found
2026-06-21 18:25:26 - producer_sms - DEBUG - No pending messages found
2026-06-21 18:25:27 - producer_sms - DEBUG - No pending messages found
2026-06-21 18:25:28 - producer_sms - DEBUG - No pending messages found
2026-06-21 18:25:29 - producer_sms - DEBUG - No pending messages found
2026-06-21 18:25:30 - producer_sms - DEBUG - No pending messages found
2026-06-21 18:25:31 - producer_sms - DEBUG - No pending messages found
2026-06-21 18:25:32 - producer_sms - DEBUG - No pending messages found
2026-06-21 18:25:33 - producer_sms - DEBUG - No pending messages found
2026-06-21 18:25:34 - producer_sms - DEBUG - No pending messages found
2026-06-21 18:25:35 - producer_sms - DEBUG - No pending messages found
2026-06-21 18:25:36 - producer_sms - DEBUG - No pending messages found
2026-06-21 18:25:37 - producer_sms - DEBUG - No pending messages found
2026-06-21 18:25:38 - producer_sms - DEBUG - No pending messages found
2026-06-21 18:25:39 - producer_sms - DEBUG - No pending messages found
2026-06-21 18:25:40 - producer_sms - DEBUG - No pending messages found
2026-06-21 18:25:41 - producer_sms - DEBUG - No pending messages found
2026-06-21 18:25:42 - producer_sms - DEBUG - No pending messages found
2026-06-21 18:25:43 - producer_sms - DEBUG - No pending messages found
2026-06-21 18:25:44 - producer_sms - DEBUG - No pending messages found
2026-06-21 18:25:45 - producer_sms - DEBUG - No pending messages found
2026-06-21 18:25:46 - producer_sms - DEBUG - No pending messages found
2026-06-21 18:25:47 - producer_sms - DEBUG - No pending messages found
2026-06-21 18:25:48 - producer_sms - DEBUG - No pending messages found
2026-06-21 18:25:49 - producer_sms - DEBUG - No pending messages found
2026-06-21 18:25:50 - producer_sms - DEBUG - No pending messages found
2026-06-21 18:25:51 - producer_sms - DEBUG - No pending messages found
2026-06-21 18:25:52 - producer_sms - DEBUG - No pending messages found
2026-06-21 18:25:53 - producer_sms - DEBUG - No pending messages found
2026-06-21 18:25:54 - producer_sms - DEBUG - No pending messages found
2026-06-21 18:25:55 - producer_sms - DEBUG - No pending messages found
2026-06-21 18:25:56 - producer_sms - DEBUG - No pending messages found
2026-06-21 18:25:57 - producer_sms - DEBUG - No pending messages found
2026-06-21 18:25:58 - producer_sms - DEBUG - No pending messages found
2026-06-21 18:25:59 - producer_sms - DEBUG - No pending messages found
2026-06-21 18:26:00 - producer_sms - DEBUG - No pending messages found
2026-06-21 18:26:01 - producer_sms - DEBUG - No pending messages found
2026-06-21 18:26:02 - producer_sms - DEBUG - No pending messages found
2026-06-21 18:26:03 - producer_sms - DEBUG - No pending messages found
2026-06-21 18:26:04 - producer_sms - DEBUG - No pending messages found
2026-06-21 18:26:05 - producer_sms - DEBUG - No pending messages found
2026-06-21 18:26:06 - producer_sms - DEBUG - No pending messages found
2026-06-21 18:26:07 - producer_sms - DEBUG - No pending messages found
2026-06-21 18:26:08 - producer_sms - DEBUG - No pending messages found
2026-06-21 18:26:09 - producer_sms - DEBUG - No pending messages found
2026-06-21 18:26:10 - producer_sms - DEBUG - No pending messages found
2026-06-21 18:26:11 - producer_sms - DEBUG - No pending messages found
2026-06-21 18:26:12 - producer_sms - DEBUG - No pending messages found
2026-06-21 18:26:13 - producer_sms - DEBUG - No pending messages found
2026-06-21 18:26:14 - producer_sms - DEBUG - No pending messages found
2026-06-21 18:26:15 - producer_sms - DEBUG - No pending messages found
2026-06-21 18:26:16 - producer_sms - DEBUG - No pending messages found
2026-06-21 18:26:17 - producer_sms - DEBUG - No pending messages found
2026-06-21 18:26:18 - producer_sms - DEBUG - No pending messages found
2026-06-21 18:26:19 - producer_sms - DEBUG - No pending messages found
2026-06-21 18:26:20 - producer_sms - DEBUG - No pending messages found
2026-06-21 18:26:21 - producer_sms - DEBUG - No pending messages found
2026-06-21 18:26:22 - producer_sms - DEBUG - No pending messages found
2026-06-21 18:26:23 - producer_sms - DEBUG - No pending messages found
2026-06-21 18:26:24 - producer_sms - DEBUG - No pending messages found
2026-06-21 18:26:25 - producer_sms - DEBUG - No pending messages found
2026-06-21 18:26:26 - producer_sms - DEBUG - No pending messages found
2026-06-21 18:26:27 - producer_sms - DEBUG - No pending messages found
2026-06-21 18:26:28 - producer_sms - DEBUG - No pending messages found
2026-06-21 18:26:29 - producer_sms - DEBUG - No pending messages found
2026-06-21 18:26:30 - producer_sms - DEBUG - No pending messages found
2026-06-21 18:26:31 - producer_sms - DEBUG - No pending messages found
2026-06-21 18:26:32 - producer_sms - DEBUG - No pending messages found
2026-06-21 18:26:33 - producer_sms - DEBUG - No pending messages found
2026-06-21 18:26:34 - producer_sms - DEBUG - No pending messages found
2026-06-21 18:26:35 - producer_sms - DEBUG - No pending messages found
2026-06-21 18:26:36 - producer_sms - DEBUG - No pending messages found
2026-06-21 18:26:37 - producer_sms - DEBUG - No pending messages found
2026-06-21 18:26:38 - producer_sms - DEBUG - No pending messages found
2026-06-21 18:26:39 - producer_sms - DEBUG - No pending messages found
2026-06-21 18:26:40 - producer_sms - DEBUG - No pending messages found
2026-06-21 18:26:41 - producer_sms - DEBUG - No pending messages found
2026-06-21 18:26:42 - producer_sms - DEBUG - No pending messages found
2026-06-21 18:26:43 - producer_sms - DEBUG - No pending messages found
2026-06-21 18:26:44 - producer_sms - DEBUG - No pending messages found
2026-06-21 18:26:45 - producer_sms - DEBUG - No pending messages found
2026-06-21 18:26:46 - producer_sms - DEBUG - No pending messages found
2026-06-21 18:26:47 - producer_sms - DEBUG - No pending messages found
2026-06-21 18:26:48 - producer_sms - DEBUG - No pending messages found
2026-06-21 18:26:49 - producer_sms - DEBUG - No pending messages found
2026-06-21 18:26:50 - producer_sms - DEBUG - No pending messages found
2026-06-21 18:26:51 - producer_sms - DEBUG - No pending messages found
2026-06-21 18:26:52 - producer_sms - DEBUG - No pending messages found
2026-06-21 18:26:53 - producer_sms - DEBUG - No pending messages found
2026-06-21 18:26:54 - producer_sms - DEBUG - No pending messages found
2026-06-21 18:26:55 - producer_sms - DEBUG - No pending messages found
2026-06-21 18:26:56 - producer_sms - DEBUG - No pending messages found
2026-06-21 18:26:57 - producer_sms - DEBUG - No pending messages found
2026-06-21 18:26:58 - producer_sms - DEBUG - No pending messages found
2026-06-21 18:26:59 - producer_sms - DEBUG - No pending messages found
2026-06-21 18:27:00 - producer_sms - DEBUG - No pending messages found
2026-06-21 18:27:01 - producer_sms - DEBUG - No pending messages found
2026-06-21 18:27:02 - producer_sms - DEBUG - No pending messages found
2026-06-21 18:27:03 - producer_sms - DEBUG - No pending messages found
2026-06-21 18:27:04 - producer_sms - DEBUG - No pending messages found
2026-06-21 18:27:05 - producer_sms - DEBUG - No pending messages found
2026-06-21 18:27:06 - producer_sms - DEBUG - No pending messages found
2026-06-21 18:27:07 - producer_sms - DEBUG - No pending messages found
2026-06-21 18:27:08 - producer_sms - DEBUG - No pending messages found
2026-06-21 18:27:09 - producer_sms - DEBUG - No pending messages found
2026-06-21 18:27:10 - producer_sms - DEBUG - No pending messages found
2026-06-21 18:27:11 - producer_sms - DEBUG - No pending messages found
2026-06-21 18:27:12 - producer_sms - DEBUG - No pending messages found
2026-06-21 18:27:13 - producer_sms - DEBUG - No pending messages found
2026-06-21 18:27:14 - producer_sms - DEBUG - No pending messages found
2026-06-21 18:27:15 - producer_sms - DEBUG - No pending messages found
2026-06-21 18:27:16 - producer_sms - DEBUG - No pending messages found
2026-06-21 18:27:17 - producer_sms - DEBUG - No pending messages found
2026-06-21 18:27:18 - producer_sms - DEBUG - No pending messages found
2026-06-21 18:27:19 - producer_sms - DEBUG - No pending messages found
2026-06-21 18:27:20 - producer_sms - DEBUG - No pending messages found
2026-06-21 18:27:21 - producer_sms - DEBUG - No pending messages found
2026-06-21 18:27:22 - producer_sms - DEBUG - No pending messages found
2026-06-21 18:27:23 - producer_sms - DEBUG - No pending messages found
2026-06-21 18:27:24 - producer_sms - DEBUG - No pending messages found
2026-06-21 18:27:25 - producer_sms - DEBUG - No pending messages found
2026-06-21 18:27:26 - producer_sms - DEBUG - No pending messages found
2026-06-21 18:27:27 - producer_sms - DEBUG - No pending messages found
2026-06-21 18:27:28 - producer_sms - DEBUG - No pending messages found
2026-06-21 18:27:29 - producer_sms - DEBUG - No pending messages found
2026-06-21 18:27:30 - producer_sms - DEBUG - No pending messages found
2026-06-21 18:27:31 - producer_sms - DEBUG - No pending messages found
2026-06-21 18:27:32 - producer_sms - DEBUG - No pending messages found
2026-06-21 18:27:33 - producer_sms - DEBUG - No pending messages found
2026-06-21 18:27:34 - producer_sms - DEBUG - No pending messages found
2026-06-21 18:27:35 - producer_sms - DEBUG - No pending messages found
2026-06-21 18:27:36 - producer_sms - DEBUG - No pending messages found
2026-06-21 18:27:37 - producer_sms - DEBUG - No pending messages found
2026-06-21 18:27:38 - producer_sms - DEBUG - No pending messages found
2026-06-21 18:27:39 - producer_sms - DEBUG - No pending messages found
2026-06-21 18:27:40 - producer_sms - DEBUG - No pending messages found
2026-06-21 18:27:41 - producer_sms - DEBUG - No pending messages found
2026-06-21 18:27:42 - producer_sms - DEBUG - No pending messages found
2026-06-21 18:27:43 - producer_sms - DEBUG - No pending messages found
2026-06-21 18:27:44 - producer_sms - DEBUG - No pending messages found
2026-06-21 18:27:45 - producer_sms - DEBUG - No pending messages found
2026-06-21 18:27:46 - producer_sms - DEBUG - No pending messages found
2026-06-21 18:27:47 - producer_sms - DEBUG - No pending messages found
2026-06-21 18:27:48 - producer_sms - DEBUG - No pending messages found
2026-06-21 18:27:49 - producer_sms - DEBUG - No pending messages found
2026-06-21 18:27:50 - producer_sms - DEBUG - No pending messages found
2026-06-21 18:27:51 - producer_sms - DEBUG - No pending messages found
2026-06-21 18:27:53 - producer_sms - DEBUG - No pending messages found
2026-06-21 18:27:54 - producer_sms - DEBUG - No pending messages found
2026-06-21 18:27:55 - producer_sms - DEBUG - No pending messages found
2026-06-21 18:27:56 - producer_sms - DEBUG - No pending messages found
2026-06-21 18:27:57 - producer_sms - DEBUG - No pending messages found
2026-06-21 18:27:58 - producer_sms - DEBUG - No pending messages found
2026-06-21 18:27:59 - producer_sms - DEBUG - No pending messages found
2026-06-21 18:28:00 - producer_sms - DEBUG - No pending messages found
2026-06-21 18:28:01 - producer_sms - DEBUG - No pending messages found
2026-06-21 18:28:02 - producer_sms - DEBUG - No pending messages found
2026-06-21 18:28:03 - producer_sms - DEBUG - No pending messages found
2026-06-21 18:28:04 - producer_sms - DEBUG - No pending messages found
2026-06-21 18:28:05 - producer_sms - DEBUG - No pending messages found
2026-06-21 18:28:06 - producer_sms - DEBUG - No pending messages found
2026-06-21 18:28:07 - producer_sms - DEBUG - No pending messages found
2026-06-21 18:28:08 - producer_sms - DEBUG - No pending messages found
2026-06-21 18:28:09 - producer_sms - DEBUG - No pending messages found
2026-06-21 18:28:10 - producer_sms - DEBUG - No pending messages found
2026-06-21 18:28:11 - producer_sms - DEBUG - No pending messages found
2026-06-21 18:28:12 - producer_sms - DEBUG - No pending messages found
2026-06-21 18:28:13 - producer_sms - DEBUG - No pending messages found
2026-06-21 18:28:14 - producer_sms - DEBUG - No pending messages found
2026-06-21 18:28:15 - producer_sms - DEBUG - No pending messages found
2026-06-21 18:28:16 - producer_sms - DEBUG - No pending messages found
2026-06-21 18:28:17 - producer_sms - DEBUG - No pending messages found
2026-06-21 18:28:18 - producer_sms - DEBUG - No pending messages found
2026-06-21 18:28:19 - producer_sms - DEBUG - No pending messages found
2026-06-21 18:28:20 - producer_sms - DEBUG - No pending messages found
2026-06-21 18:28:21 - producer_sms - DEBUG - No pending messages found
2026-06-21 18:28:22 - producer_sms - DEBUG - No pending messages found
2026-06-21 18:28:23 - producer_sms - DEBUG - No pending messages found
2026-06-21 18:28:24 - producer_sms - DEBUG - No pending messages found
2026-06-21 18:28:25 - producer_sms - DEBUG - No pending messages found
2026-06-21 18:28:26 - producer_sms - DEBUG - No pending messages found
2026-06-21 18:28:27 - producer_sms - DEBUG - No pending messages found
2026-06-21 18:28:28 - producer_sms - DEBUG - No pending messages found
2026-06-21 18:28:29 - producer_sms - DEBUG - No pending messages found
2026-06-21 18:28:30 - producer_sms - DEBUG - No pending messages found
2026-06-21 18:28:31 - producer_sms - DEBUG - No pending messages found
2026-06-21 18:28:32 - producer_sms - DEBUG - No pending messages found
2026-06-21 18:28:33 - producer_sms - DEBUG - No pending messages found
2026-06-21 18:28:34 - producer_sms - DEBUG - No pending messages found
2026-06-21 18:28:35 - producer_sms - DEBUG - No pending messages found
2026-06-21 18:28:36 - producer_sms - DEBUG - No pending messages found
2026-06-21 18:28:37 - producer_sms - DEBUG - No pending messages found
2026-06-21 18:28:38 - producer_sms - DEBUG - No pending messages found
2026-06-21 18:28:39 - producer_sms - DEBUG - No pending messages found
2026-06-21 18:28:40 - producer_sms - DEBUG - No pending messages found
2026-06-21 18:28:41 - producer_sms - DEBUG - No pending messages found
2026-06-21 18:28:42 - producer_sms - DEBUG - No pending messages found
2026-06-21 18:28:43 - producer_sms - DEBUG - No pending messages found
2026-06-21 18:28:44 - producer_sms - DEBUG - No pending messages found
2026-06-21 18:28:45 - producer_sms - DEBUG - No pending messages found
2026-06-21 18:28:46 - producer_sms - DEBUG - No pending messages found
2026-06-21 18:28:47 - producer_sms - DEBUG - No pending messages found
2026-06-21 18:28:48 - producer_sms - DEBUG - No pending messages found
2026-06-21 18:28:49 - producer_sms - DEBUG - No pending messages found
2026-06-21 18:28:50 - producer_sms - DEBUG - No pending messages found
2026-06-21 18:28:51 - producer_sms - DEBUG - No pending messages found
2026-06-21 18:28:52 - producer_sms - DEBUG - No pending messages found
2026-06-21 18:28:53 - producer_sms - DEBUG - No pending messages found
2026-06-21 18:28:54 - producer_sms - DEBUG - No pending messages found
2026-06-21 18:28:55 - producer_sms - DEBUG - No pending messages found
2026-06-21 18:28:56 - producer_sms - DEBUG - No pending messages found
2026-06-21 18:28:57 - producer_sms - DEBUG - No pending messages found
2026-06-21 18:28:58 - producer_sms - DEBUG - No pending messages found
2026-06-21 18:28:59 - producer_sms - DEBUG - No pending messages found
2026-06-21 18:29:00 - producer_sms - DEBUG - No pending messages found
2026-06-21 18:29:01 - producer_sms - DEBUG - No pending messages found
2026-06-21 18:29:02 - producer_sms - DEBUG - No pending messages found
2026-06-21 18:29:03 - producer_sms - DEBUG - No pending messages found
2026-06-21 18:29:04 - producer_sms - DEBUG - No pending messages found
2026-06-21 18:29:05 - producer_sms - DEBUG - No pending messages found
2026-06-21 18:29:06 - producer_sms - DEBUG - No pending messages found
2026-06-21 18:29:07 - producer_sms - DEBUG - No pending messages found
2026-06-21 18:29:08 - producer_sms - DEBUG - No pending messages found
2026-06-21 18:29:09 - producer_sms - DEBUG - No pending messages found
2026-06-21 18:29:10 - producer_sms - DEBUG - No pending messages found
2026-06-21 18:29:11 - producer_sms - DEBUG - No pending messages found
2026-06-21 18:29:12 - producer_sms - DEBUG - No pending messages found
2026-06-21 18:29:13 - producer_sms - DEBUG - No pending messages found
2026-06-21 18:29:14 - producer_sms - DEBUG - No pending messages found
2026-06-21 18:29:15 - producer_sms - DEBUG - No pending messages found
2026-06-21 18:29:16 - producer_sms - DEBUG - No pending messages found
2026-06-21 18:29:17 - producer_sms - DEBUG - No pending messages found
2026-06-21 18:29:18 - producer_sms - DEBUG - No pending messages found
2026-06-21 18:29:19 - producer_sms - DEBUG - No pending messages found
2026-06-21 18:29:20 - producer_sms - DEBUG - No pending messages found
2026-06-21 18:29:21 - producer_sms - DEBUG - No pending messages found
2026-06-21 18:29:22 - producer_sms - DEBUG - No pending messages found
2026-06-21 18:29:23 - producer_sms - DEBUG - No pending messages found
2026-06-21 18:29:24 - producer_sms - DEBUG - No pending messages found
2026-06-21 18:29:25 - producer_sms - DEBUG - No pending messages found
2026-06-21 18:29:26 - producer_sms - DEBUG - No pending messages found
2026-06-21 18:29:27 - producer_sms - DEBUG - No pending messages found
2026-06-21 18:29:28 - producer_sms - DEBUG - No pending messages found
2026-06-21 18:29:29 - producer_sms - DEBUG - No pending messages found
2026-06-21 18:29:30 - producer_sms - DEBUG - No pending messages found
2026-06-21 18:29:31 - producer_sms - DEBUG - No pending messages found
2026-06-21 18:29:32 - producer_sms - DEBUG - No pending messages found
2026-06-21 18:29:33 - producer_sms - DEBUG - No pending messages found
2026-06-21 18:29:34 - producer_sms - DEBUG - No pending messages found
2026-06-21 18:29:35 - producer_sms - DEBUG - No pending messages found
2026-06-21 18:29:36 - producer_sms - DEBUG - No pending messages found
2026-06-21 18:29:37 - producer_sms - DEBUG - No pending messages found
2026-06-21 18:29:38 - producer_sms - DEBUG - No pending messages found
2026-06-21 18:29:39 - producer_sms - DEBUG - No pending messages found
2026-06-21 18:29:40 - producer_sms - DEBUG - No pending messages found
2026-06-21 18:29:41 - producer_sms - DEBUG - No pending messages found
2026-06-21 18:29:42 - producer_sms - DEBUG - No pending messages found
2026-06-21 18:29:43 - producer_sms - DEBUG - No pending messages found
2026-06-21 18:29:44 - producer_sms - DEBUG - No pending messages found
2026-06-21 18:29:45 - producer_sms - DEBUG - No pending messages found
2026-06-21 18:29:46 - producer_sms - DEBUG - No pending messages found
2026-06-21 18:29:47 - producer_sms - DEBUG - No pending messages found
2026-06-21 18:29:48 - producer_sms - DEBUG - No pending messages found
2026-06-21 18:29:49 - producer_sms - DEBUG - No pending messages found
2026-06-21 18:29:50 - producer_sms - DEBUG - No pending messages found
2026-06-21 18:29:51 - producer_sms - DEBUG - No pending messages found
2026-06-21 18:29:52 - producer_sms - DEBUG - No pending messages found
2026-06-21 18:29:53 - producer_sms - DEBUG - No pending messages found
2026-06-21 18:29:54 - producer_sms - DEBUG - No pending messages found
2026-06-21 18:29:55 - producer_sms - DEBUG - No pending messages found
2026-06-21 18:29:56 - producer_sms - DEBUG - No pending messages found
2026-06-21 18:29:57 - producer_sms - DEBUG - No pending messages found
2026-06-21 18:29:58 - producer_sms - DEBUG - No pending messages found
2026-06-21 18:29:59 - producer_sms - DEBUG - No pending messages found
2026-06-21 18:30:00 - producer_sms - DEBUG - No pending messages found
2026-06-21 18:30:01 - producer_sms - DEBUG - No pending messages found
2026-06-21 18:30:02 - producer_sms - DEBUG - No pending messages found
2026-06-21 18:30:03 - producer_sms - DEBUG - No pending messages found
2026-06-21 18:30:04 - producer_sms - DEBUG - No pending messages found
2026-06-21 18:30:05 - producer_sms - DEBUG - No pending messages found
2026-06-21 18:30:06 - producer_sms - DEBUG - No pending messages found
2026-06-21 18:30:07 - producer_sms - DEBUG - No pending messages found
2026-06-21 18:30:09 - producer_sms - DEBUG - No pending messages found
2026-06-21 18:30:10 - producer_sms - DEBUG - No pending messages found
2026-06-21 18:30:11 - producer_sms - DEBUG - No pending messages found
2026-06-21 18:30:12 - producer_sms - DEBUG - No pending messages found
2026-06-21 18:30:13 - producer_sms - DEBUG - No pending messages found
2026-06-21 18:30:14 - producer_sms - DEBUG - No pending messages found
2026-06-21 18:30:15 - producer_sms - DEBUG - No pending messages found
2026-06-21 18:30:16 - producer_sms - DEBUG - No pending messages found
2026-06-21 18:30:17 - producer_sms - DEBUG - No pending messages found
2026-06-21 18:30:18 - producer_sms - DEBUG - No pending messages found
2026-06-21 18:30:19 - producer_sms - DEBUG - No pending messages found
2026-06-21 18:30:20 - producer_sms - DEBUG - No pending messages found
2026-06-21 18:30:21 - producer_sms - DEBUG - No pending messages found
2026-06-21 18:30:22 - producer_sms - DEBUG - No pending messages found
2026-06-21 18:30:23 - producer_sms - DEBUG - No pending messages found
2026-06-21 18:30:24 - producer_sms - DEBUG - No pending messages found
2026-06-21 18:30:25 - producer_sms - DEBUG - No pending messages found
2026-06-21 18:30:26 - producer_sms - DEBUG - No pending messages found
2026-06-21 18:30:27 - producer_sms - DEBUG - No pending messages found
2026-06-21 18:30:28 - producer_sms - DEBUG - No pending messages found
2026-06-21 18:30:29 - producer_sms - DEBUG - No pending messages found
2026-06-21 18:30:30 - producer_sms - DEBUG - No pending messages found
2026-06-21 18:30:31 - producer_sms - DEBUG - No pending messages found
2026-06-21 18:30:32 - producer_sms - DEBUG - No pending messages found
2026-06-21 18:30:33 - producer_sms - DEBUG - No pending messages found
2026-06-21 18:30:34 - producer_sms - DEBUG - No pending messages found
2026-06-21 18:30:35 - producer_sms - DEBUG - No pending messages found
2026-06-21 18:30:36 - producer_sms - DEBUG - No pending messages found
2026-06-21 18:30:37 - producer_sms - DEBUG - No pending messages found
2026-06-21 18:30:38 - producer_sms - DEBUG - No pending messages found
2026-06-21 18:30:39 - producer_sms - DEBUG - No pending messages found
2026-06-21 18:30:40 - producer_sms - DEBUG - No pending messages found
2026-06-21 18:30:41 - producer_sms - DEBUG - No pending messages found
2026-06-21 18:30:42 - producer_sms - DEBUG - No pending messages found
2026-06-21 18:30:43 - producer_sms - DEBUG - No pending messages found
2026-06-21 18:30:44 - producer_sms - DEBUG - No pending messages found
2026-06-21 18:30:45 - producer_sms - DEBUG - No pending messages found
2026-06-21 18:30:46 - producer_sms - DEBUG - No pending messages found
2026-06-21 18:30:47 - producer_sms - DEBUG - No pending messages found
2026-06-21 18:30:48 - producer_sms - DEBUG - No pending messages found
2026-06-21 18:30:49 - producer_sms - DEBUG - No pending messages found
2026-06-21 18:30:50 - producer_sms - DEBUG - No pending messages found
2026-06-21 18:30:51 - producer_sms - DEBUG - No pending messages found
2026-06-21 18:30:52 - producer_sms - DEBUG - No pending messages found
2026-06-21 18:30:53 - producer_sms - DEBUG - No pending messages found
2026-06-21 18:30:54 - producer_sms - DEBUG - No pending messages found
2026-06-21 18:30:55 - producer_sms - DEBUG - No pending messages found
2026-06-21 18:30:56 - producer_sms - DEBUG - No pending messages found
2026-06-21 18:30:57 - producer_sms - DEBUG - No pending messages found
2026-06-21 18:30:58 - producer_sms - DEBUG - No pending messages found
2026-06-21 18:30:59 - producer_sms - DEBUG - No pending messages found
2026-06-21 18:31:00 - producer_sms - DEBUG - No pending messages found
2026-06-21 18:31:01 - producer_sms - DEBUG - No pending messages found
2026-06-21 18:31:02 - producer_sms - DEBUG - No pending messages found
2026-06-21 18:31:03 - producer_sms - DEBUG - No pending messages found
2026-06-21 18:31:04 - producer_sms - DEBUG - No pending messages found
2026-06-21 18:31:05 - producer_sms - DEBUG - No pending messages found
2026-06-21 18:31:06 - producer_sms - DEBUG - No pending messages found
2026-06-21 18:31:07 - producer_sms - DEBUG - No pending messages found
2026-06-21 18:31:08 - producer_sms - DEBUG - No pending messages found
2026-06-21 18:31:09 - producer_sms - DEBUG - No pending messages found
2026-06-21 18:31:10 - producer_sms - DEBUG - No pending messages found
2026-06-21 18:31:11 - producer_sms - DEBUG - No pending messages found
2026-06-21 18:31:12 - producer_sms - DEBUG - No pending messages found
2026-06-21 18:31:13 - producer_sms - DEBUG - No pending messages found
2026-06-21 18:31:14 - producer_sms - DEBUG - No pending messages found
2026-06-21 18:31:15 - producer_sms - DEBUG - No pending messages found
2026-06-21 18:31:16 - producer_sms - DEBUG - No pending messages found
2026-06-21 18:31:17 - producer_sms - DEBUG - No pending messages found
2026-06-21 18:31:18 - producer_sms - DEBUG - No pending messages found
2026-06-21 18:31:19 - producer_sms - DEBUG - No pending messages found
2026-06-21 18:31:20 - producer_sms - DEBUG - No pending messages found
2026-06-21 18:31:21 - producer_sms - DEBUG - No pending messages found
2026-06-21 18:31:22 - producer_sms - DEBUG - No pending messages found
2026-06-21 18:31:23 - producer_sms - DEBUG - No pending messages found
2026-06-21 18:31:24 - producer_sms - DEBUG - No pending messages found
2026-06-21 18:31:25 - producer_sms - DEBUG - No pending messages found
2026-06-21 18:31:26 - producer_sms - DEBUG - No pending messages found
